"","PFA17CD","theft.rate","PFA.theft.li","PFA.theft.ui","X1","X2","X3","X4","X5","X6","X7","X8","X9","X10","X11","X12","X13","X14","X15","X16","X17","X18","X19","X20","X21","X22","X23","X24","X25","X26","X27","X28","X29","X30","X31","X32","X33","X34","X35","X36","X37","X38","X39","X40","X41","X42","X43","X44","X45","X46","X47","X48","X49","X50","X51","X52","X53","X54","X55","X56","X57","X58","X59","X60","X61","X62","X63","X64","X65","X66","X67","X68","X69","X70","X71","X72","X73","X74","X75","X76","X77","X78","X79","X80","X81","X82","X83","X84","X85","X86","X87","X88","X89","X90","X91","X92","X93","X94","X95","X96","X97","X98","X99","X100"
"1","E23000001",0.0967178124390672,0.0953912761746804,0.0980593138387785,0.0963029502205844,0.0961251337455814,0.0970816637490458,0.0963274766309296,0.0972165590059446,0.096986623908958,0.0976825608025041,0.095484381275312,0.0970785979477526,0.0958124220136796,0.0966677805744698,0.0975752577572437,0.0971950983968925,0.0969253078830949,0.0975844551611232,0.097204295800772,0.0960454229119594,0.0962968186179981,0.0963428056373954,0.097679495001211,0.097541533943019,0.0964562402852421,0.0966003329460204,0.0964746350930011,0.0960944757326499,0.0959963700912689,0.0974342308977586,0.0964746350930011,0.0969620974986127,0.0963918584580859,0.096355068842568,0.0968762550624044,0.0966064645486067,0.0965819381382615,0.0956162107309177,0.0961987129766171,0.0975476655456053,0.0967597546132645,0.0977070872128494,0.0955211708908299,0.0950613006968566,0.0966647147731767,0.0971552429800815,0.0966003329460204,0.0971153875632705,0.0971184533645636,0.0969835581076648,0.0963765294516201,0.0967045701899877,0.0969896897102511,0.0961404627520472,0.0967658862158508,0.0975139417313806,0.0958369484240248,0.0965819381382615,0.0955916843205724,0.0965666091317957,0.0970050187167169,0.095662197750315,0.0973054672434461,0.0964593060865353,0.0971797693904267,0.0979983383356991,0.0975292707378464,0.0966923069848151,0.0973299936537913,0.0950521032929772,0.0976825608025041,0.096591135542141,0.0978787720852661,0.0973514542628434,0.0962538973998939,0.0974250334938791,0.0966279251576588,0.0971123217619773,0.0970969927555115,0.0962324367908418,0.0957296453787644,0.0972932040382735,0.096137396950754,0.0967198991964535,0.0965543459266231,0.095741908583937,0.096453174483949,0.0979431539124223,0.0977408110270741,0.0969345052869743,0.0973054672434461,0.096729096600333,0.0965420827214505,0.0978941010917318,0.0969743607037853,0.0973698490706023,0.0969069130753359,0.0971307165697363,0.095622342333504,0.0965206221123984,0.0973422568589639,0.0954353284546215,0.0954629206662599
"2","E23000002",0.0803136343574639,0.0757813362089992,0.084533021564375,0.0836786164655017,0.0820122500450369,0.0771482615744911,0.0813366960907945,0.0797604035308953,0.078769591064673,0.0777787785984507,0.0792199603675014,0.0836335795352189,0.0830030625112592,0.0749414519906323,0.0811565483696631,0.0785444064132589,0.0773734462259052,0.0799855881823095,0.0786795172041074,0.0808412898576833,0.0820122500450369,0.0783642586921275,0.079310034228067,0.0783192217618447,0.0799405512520267,0.0781841109709962,0.0823725454872996,0.080661142136552,0.0820572869753198,0.0785444064132589,0.0774184831561881,0.079310034228067,0.0821023239056026,0.0855701675373807,0.0817420284633399,0.0780039632498649,0.0800306251125923,0.0819672131147541,0.0790848495766528,0.0831832102323906,0.0774635200864709,0.0818771392541884,0.0799855881823095,0.0761574491082688,0.0827328409295622,0.0805260313457035,0.0794001080886327,0.0794001080886327,0.0806161052062691,0.0853900198162493,0.0810214375788146,0.0839038011169159,0.0785894433435417,0.084939650513421,0.0804359574851378,0.0807061790668348,0.0782741848315619,0.0761124121779859,0.0799855881823095,0.0829580255809764,0.078769591064673,0.0800306251125923,0.0815168438119258,0.0807512159971176,0.0777337416681679,0.0802107728337237,0.0796703296703297,0.0833183210232391,0.0766978922716628,0.0808863267879661,0.0800306251125923,0.0771932985047739,0.0787245541343902,0.0785894433435417,0.0812916591605116,0.0763375968294001,0.0772383354350567,0.0788146279949559,0.0805710682759863,0.0847595027922897,0.0800306251125923,0.0783642586921275,0.0797604035308953,0.0815168438119258,0.0815168438119258,0.0827778778598451,0.0800306251125923,0.0810214375788146,0.0781390740407134,0.0829129886506936,0.0804809944154206,0.079310034228067,0.0827778778598451,0.0807962529274005,0.0766978922716628,0.0814267699513601,0.0807061790668348,0.0807061790668348,0.0765627814808143,0.0827328409295622,0.0823725454872996,0.0780940371104306,0.0773284092956224
"3","E23000003",0.0827725361194397,0.0799755790657349,0.0856944639749434,0.0841073104430277,0.0830232031325847,0.0840749490307757,0.0827481311284424,0.0824245170059221,0.0803695673279182,0.083298275136727,0.0818258308792596,0.0832011908999709,0.0835571664347432,0.0828128539529465,0.0829746610142067,0.0802239409727841,0.0852723212841008,0.0835086243163652,0.0817449273486295,0.0818581922915116,0.0833953593734831,0.0837189734960034,0.0824083362997961,0.0811300605158409,0.0818743729976376,0.0835571664347432,0.0832173716060969,0.0850457913983366,0.0814051325199832,0.0841073104430277,0.0845118280961781,0.0830070224264587,0.0786220510663085,0.0850134299860846,0.0842043946797838,0.0834439014918611,0.0817772887608815,0.08223034853241,0.0814051325199832,0.0862431636516618,0.0833953593734831,0.0853855862269829,0.0837189734960034,0.0815183974628653,0.0828937574835766,0.0834924436102392,0.0832173716060969,0.0824730591243002,0.0821009028834018,0.08231125206304,0.083346817255105,0.0819067344098896,0.0845765509206822,0.0851266949289667,0.0839131419695155,0.0840264069123977,0.0810006148668328,0.0845118280961781,0.0812918675771011,0.0818096501731336,0.0810976991035889,0.0823436134752921,0.0841073104430277,0.0834924436102392,0.0855959354066212,0.0814374939322352,0.0791721950745931,0.0814536746383612,0.0826672275978124,0.0821979871201579,0.0823921555936701,0.0835086243163652,0.0800459532053979,0.0828290346590725,0.0811462412219669,0.0821494450017799,0.081194783340345,0.0829261188958286,0.0817934694670075,0.0834924436102392,0.0816640238179994,0.0819229151160157,0.0829422996019546,0.0848678036309505,0.0837351542021294,0.0816478431118734,0.0802563023850361,0.0853208634024789,0.0842529367981619,0.0850619721044626,0.0835248050224912,0.0811462412219669,0.0832173716060969,0.0816154816996214,0.0836866120837513,0.0856121161127472,0.0830070224264587,0.0844632859778001,0.0816154816996214,0.0825539626549303,0.0816316624057474,0.082246529238536,0.0831041066632148
"4","E23000004",0.0838267559339431,0.0808794958671102,0.086693790518646,0.0817651846069525,0.0838745038117225,0.0834426746831869,0.084455812253982,0.0846052915677058,0.0819977079838562,0.082263448986032,0.0821637961102161,0.085502167450049,0.0854025145742331,0.083359630620007,0.0851866000099653,0.0842897241276221,0.085518776262685,0.0824129282997559,0.0825956252387517,0.0824461459250278,0.0847049444435217,0.0838745038117225,0.0847879885067017,0.0850703383215134,0.082213622548124,0.0847049444435217,0.0859173877659486,0.083293195369463,0.0842897241276221,0.0826122340513877,0.0867810460230198,0.0834094570579149,0.083309804182099,0.085518776262685,0.0838911126243585,0.0837914597485426,0.0867644372103838,0.0818316198574964,0.0817485757943165,0.0848710325698816,0.0854357321995051,0.0805527412845256,0.0816323141058646,0.084439203441346,0.0845720739424339,0.0818648374827684,0.0831603248683752,0.0843063329402581,0.0831271072431032,0.0819312727333123,0.0848378149446096,0.0828281486156555,0.0842232888770782,0.0820143167964922,0.0850205118836054,0.0843395505655301,0.0839409390622664,0.0849042501951535,0.088757494726702,0.0831769336810111,0.0831603248683752,0.0849540766330615,0.0842398976897142,0.0827118869272036,0.0839409390622664,0.0841070271886263,0.0849540766330615,0.0821305784849441,0.0834094570579149,0.0829776279293793,0.0834094570579149,0.084455812253982,0.0834426746831869,0.0819146639206763,0.0837914597485426,0.0866980019598399,0.0831271072431032,0.0830938896178312,0.0835589363716388,0.0843229417528941,0.0835755451842748,0.0864654785829361,0.0824295371123918,0.0830772808051952,0.0819977079838562,0.0853859057615971,0.0829776279293793,0.0832267601189191,0.0821804049228521,0.0827617133651115,0.0856848643890448,0.0849042501951535,0.0823464930492119,0.0815824876679566,0.083343021807371,0.0838745038117225,0.0813831819163248,0.085468949824777,0.0835589363716388,0.0818980551080403,0.0842731153149861,0.0879602717201747,0.0841734624391702
"5","E23000005",0.0895825244267623,0.0876163628933419,0.0917590304776368,0.0912709317684186,0.0894625333534266,0.0899766858439636,0.0892143218062709,0.090145115108105,0.0902514914854575,0.0870690648629961,0.0877516466176744,0.0913063905608694,0.0890281631459041,0.0886203870327196,0.0916875725797158,0.0877073231271109,0.0896220979194554,0.0908276968627833,0.0921662662778019,0.0899766858439636,0.0891434042213692,0.0915811962023633,0.0890636219383549,0.0899678211458509,0.0891965924100455,0.0907035910892055,0.0911290965986153,0.0891699983157074,0.0889217867685516,0.0897816624854841,0.0875566232591949,0.0890370278440168,0.0889483808628897,0.0897373389949205,0.0887710869006356,0.0874413821837297,0.0908808850514596,0.0896220979194554,0.0899855505420763,0.0894093451647504,0.0884962812591417,0.0899766858439636,0.0899057682590619,0.0907922380703325,0.0904287854477116,0.0905528912212895,0.0894979921458775,0.0903933266552608,0.0909606673344739,0.0885849282402688,0.0908276968627833,0.0888863279761008,0.0887622222025229,0.090295814976021,0.0897816624854841,0.0893650216741869,0.0903490031646972,0.0878668876931396,0.0889040573723262,0.0894802627496521,0.0888685985798754,0.0888685985798754,0.090535161825064,0.0888331397874245,0.0901362504099923,0.0876807290327728,0.0905085677307259,0.0905528912212895,0.0883633107874511,0.0900298740326398,0.0889927043534532,0.0898082565798222,0.0897107449005824,0.0899500917496255,0.0891788630138201,0.0906326735043038,0.0897018802024697,0.087583217353533,0.0891256748251438,0.0896752861081316,0.0886115223346069,0.0901362504099923,0.0900476034288652,0.0897727977873714,0.0915723315042506,0.0899323623534001,0.0886735752213958,0.0905174324288386,0.0890281631459041,0.0891168101270311,0.0905174324288386,0.09219286037214,0.0896486920137935,0.0909429379382485,0.0891168101270311,0.0895157215421029,0.0894093451647504,0.0903135443722464,0.0888685985798754,0.0912975258627567,0.0894802627496521,0.0896043685232299,0.0914748198250109
"6","E23000006",0.0816415719211991,0.0785259433796345,0.0842259116756757,0.0809168297901398,0.0836026767423863,0.0805981699822461,0.0810078754495379,0.0836937224017845,0.0818045249692721,0.0829198342968999,0.0805071243228479,0.0819410934583694,0.0802795101743524,0.0828060272226522,0.0829881185414485,0.0820321391177676,0.0844676105066691,0.0783220284972914,0.0836481995720854,0.0777757545409023,0.0791642008467246,0.082009377702918,0.0805298857376975,0.0816907178950244,0.0803250330040515,0.0791414394318751,0.081759002139573,0.0781854600081941,0.0811899667683343,0.0791869622615742,0.0826239359038558,0.0820776619474667,0.0805981699822461,0.0814631037465289,0.0800974188555561,0.0836026767423863,0.082714981563254,0.0815996722356262,0.0804160786634497,0.0793235307506715,0.0827377429781035,0.0830336413711476,0.0817817635544225,0.079847043292211,0.0826239359038558,0.0813037738425821,0.0801429416852552,0.08392133655028,0.0804843629079984,0.0814858651613784,0.0802339873446533,0.0814858651613784,0.0820776619474667,0.0804843629079984,0.0819638548732189,0.0794373378249192,0.0810306368643875,0.0800746574407065,0.0800063731961579,0.0806436928119452,0.0808485455455911,0.0789138252833796,0.0818955706286703,0.0818500477989712,0.0830336413711476,0.0807802613010425,0.0801201802704056,0.0824873674147585,0.0830791642008467,0.0821687076068648,0.0809851140346884,0.080302271589202,0.0842399963581736,0.0802795101743524,0.0811672053534848,0.0837392452314836,0.081759002139573,0.0843993262621204,0.0821004233623162,0.0813265352574316,0.0829881185414485,0.0804388400782993,0.0828060272226522,0.0792552465061228,0.0794600992397687,0.0812810124277325,0.0820549005326171,0.0816224336504757,0.0816907178950244,0.0820549005326171,0.0826466973187053,0.0809168297901398,0.07839031274184,0.0792780079209724,0.0825101288296081,0.0828287886375017,0.0811444439386352,0.0825101288296081,0.0816679564801748,0.082259753266263,0.0806436928119452,0.0805981699822461,0.081258251012883
"7","E23000007",0.0850237777681479,0.0825264640179514,0.0872969879770411,0.0840689500208648,0.0849837896831766,0.0850800885949989,0.0842936474817835,0.0855776329727474,0.085786280615029,0.083154110358553,0.0831380605399159,0.0840368503835907,0.0834430070940198,0.085112188232273,0.0876480595769268,0.085449234423651,0.0846627933104356,0.0834430070940198,0.082849163804449,0.0870381664687189,0.0851442878695471,0.083812152922672,0.0858023304336661,0.0855936827913845,0.0863640740859628,0.0839887009276795,0.085449234423651,0.0853368856931917,0.0865245722723333,0.0860270278945848,0.0836677045549385,0.0861233268064071,0.0837479536481238,0.0852726864186435,0.0860751773504959,0.0850961384136359,0.0887394472442461,0.0837800532853979,0.0833146085449234,0.0833467081821975,0.0845504445799762,0.0852887362372805,0.0843899463936058,0.0836677045549385,0.083812152922672,0.0843096973004205,0.0840529002022277,0.0871344653805412,0.0831220107212789,0.0843738965749687,0.0867011202773409,0.0840208005649536,0.0867011202773409,0.0841652489326871,0.0860591275318589,0.0843257471190575,0.085786280615029,0.0857220813404809,0.08414919911405,0.0866048213655186,0.0846627933104356,0.0827047154367156,0.0871505151991783,0.083828202741309,0.0839566012904054,0.0848714409527172,0.0836998041922126,0.0845664943986133,0.0846627933104356,0.0868616184637114,0.0843096973004205,0.0838763521972202,0.0863319744486887,0.084486245305428,0.0862196257182294,0.0858986293454884,0.0846467434917985,0.0848393413154431,0.084133149295413,0.0855936827913845,0.086412223541874,0.0838603023785831,0.0848714409527172,0.0858825795268513,0.0860109780759477,0.0875678104837415,0.0849195904086284,0.0838924020158572,0.084791191859532,0.0846467434917985,0.0822553205148782,0.0838763521972202,0.084791191859532,0.0860751773504959,0.0839245016531313,0.0850800885949989,0.0846948929477097,0.0854171347863769,0.0860270278945848,0.0842775976631464,0.0840849998395018,0.084486245305428,0.0841170994767759
"8","E23000008",0.0847921973727507,0.0804033312390008,0.0890794210070893,0.085665693052834,0.0865160646282397,0.0831515510038082,0.0862202832107073,0.0837431138388731,0.0844455947055126,0.0847413761230451,0.085000184863386,0.0881428624246682,0.0881798351018597,0.0847413761230451,0.0823011794284024,0.0810441084038895,0.0832994417125744,0.0869227640773468,0.0801937368284838,0.0835582504529153,0.0877361629755611,0.0839279772248308,0.0858875291159833,0.0878840536843273,0.0838170591932562,0.0886604799053499,0.0840758679335971,0.0872555181720708,0.0825230154915517,0.0862202832107073,0.0802307095056753,0.0849262395090028,0.0837061411616815,0.0854438569896846,0.0857396384072171,0.0842237586423633,0.0884756165193922,0.0823751247827855,0.0848522941546197,0.0821532887196362,0.0818575073021037,0.0862572558878988,0.0867379006913891,0.0825599881687433,0.0864421192738566,0.0863681739194735,0.0867379006913891,0.0839279772248308,0.0882168077790513,0.0849632121861944,0.0878101083299442,0.0807113543091655,0.0838170591932562,0.084001922579214,0.084667430768662,0.083003660295042,0.0867379006913891,0.0843716493511295,0.0821163160424446,0.0867009280141975,0.0845195400598957,0.079676119347802,0.0797130920249935,0.0852220209265353,0.0838170591932562,0.087994971715902,0.0875512995896033,0.0867748733685806,0.0838170591932562,0.0829297149406589,0.0842977039967464,0.0841128406107886,0.0845195400598957,0.0845565127370873,0.0844455947055126,0.0828557695862757,0.0864421192738566,0.0821902613968277,0.0864790919510482,0.0871076274633046,0.0871076274633046,0.0879579990387104,0.0866269826598144,0.0842607313195548,0.0820793433652531,0.0860354198247495,0.0828187969090842,0.0861093651791326,0.0805264909232078,0.0843716493511295,0.0822642067512108,0.0886974525825415,0.0889562613228824,0.083336414389766,0.0844825673827042,0.0808962176951233,0.0839279772248308,0.0834103597441491,0.0853699116353015,0.0841867859651717,0.0848892668318113,0.0842607313195548,0.0865530373054313
"9","E23000009",0.0784868850434813,0.074888240854827,0.0822512564257845,0.0805526973394091,0.080052917830369,0.0811994708216963,0.0780831985888579,0.0826400117595179,0.0780831985888579,0.0774070263119212,0.07949434073203,0.0805820961340585,0.0782007937674555,0.0797295310892253,0.0765544612670881,0.0769072468028811,0.079847126267823,0.0811994708216963,0.0792591503748346,0.0782889901514038,0.0785535793032486,0.0796413347052771,0.0789063648390416,0.0769660443921799,0.0821696310451271,0.0777010142584154,0.0814346611788917,0.076407467293841,0.0808466852859033,0.081875643098633,0.0778186094370131,0.0826400117595179,0.0757606938115537,0.0756430986329561,0.080405703366162,0.0791709539908864,0.077671615463766,0.0781713949728061,0.0796413347052771,0.0784653829193003,0.0777010142584154,0.079141555196237,0.0771718359547259,0.07746582390122,0.0782007937674555,0.0764368660884904,0.0739379685432897,0.0811406732323975,0.0758194914008526,0.0795237395266794,0.0786417756871968,0.0801705130089666,0.0774070263119212,0.0787299720711451,0.0777598118477142,0.0760546817580479,0.080199911803616,0.0768778480082317,0.080405703366162,0.0811112744377481,0.0803469057768632,0.0791709539908864,0.0765250624724386,0.07746582390122,0.0783771865353521,0.0793767455534323,0.080052917830369,0.0779362046156108,0.0794061443480817,0.0795825371159782,0.0766132588563869,0.0774070263119212,0.0796413347052771,0.0774952226958695,0.0787299720711451,0.0800823166250184,0.079847126267823,0.0753197118918124,0.0812876672056446,0.0789063648390416,0.076201675731295,0.0754079082757607,0.0786711744818462,0.084403939438483,0.0787887696604439,0.0776128178744672,0.0775540202851683,0.0788769660443922,0.0771424371600764,0.0792297515801852,0.0779068058209613,0.0774952226958695,0.0766426576510363,0.0782007937674555,0.0753491106864619,0.0780831985888579,0.0763192709098927,0.0804645009554608,0.0780831985888579,0.0777598118477142,0.076760252829634,0.0792885491694841,0.075290313097163
"10","E23000010",0.0882452420288535,0.0860671049941718,0.0907791197334557,0.0887094151444523,0.087256761884113,0.0876036641552388,0.0877012304189929,0.0886010081847255,0.0860317632392,0.0879288850344192,0.0891322022873868,0.0896633963900482,0.0891647243753049,0.0890021139357147,0.0909425985148247,0.0897934847417204,0.0896091929101848,0.0891538836793322,0.0880914954740094,0.0895224673424034,0.0884275570491626,0.0875819827632934,0.0872459211881403,0.0875060978914846,0.0902704753645184,0.0884926012249986,0.0896633963900482,0.0862377364626809,0.0882324245216543,0.0888828662800152,0.0898585289175565,0.0887636186243157,0.0906824218114803,0.0901078649249282,0.0882649466095723,0.0873326467559217,0.0874302130196759,0.0877445932028836,0.0886552116645889,0.0890129546316874,0.0904439265000813,0.086779771261315,0.0884492384411079,0.0899235730933926,0.0896633963900482,0.0878746815545558,0.0883299907854084,0.0876145048512114,0.0877337525069109,0.0884058756572172,0.0883516721773538,0.088514282616944,0.0871158328364681,0.0899344137893653,0.087050788660632,0.0891864057672503,0.0883625128733265,0.0866605236056155,0.0890671581115508,0.0874085316277305,0.0877012304189929,0.0885359640088894,0.0876903897230202,0.0861401701989268,0.0884492384411079,0.0880914954740094,0.0899669358772833,0.0882107431297089,0.0880698140820641,0.0880156106022007,0.0872350804921676,0.089977776573256,0.0880264512981733,0.0895983522142122,0.0900428207490921,0.0873868502357851,0.0895116266464307,0.0896200336061575,0.0888178221041791,0.0896417149981029,0.0880481326901187,0.0882324245216543,0.0876361862431568,0.0867255677814516,0.0883408314813811,0.0868664968290964,0.086541275949916,0.0868664968290964,0.0870291072686867,0.0886985744484796,0.0922109599436284,0.0883950349612445,0.0888720255840425,0.0884492384411079,0.0875711420673207,0.0896959184779663,0.0891105208954415,0.090487289283972,0.0871700363163315,0.0870724700525774,0.0878204780746924,0.0855005691365386,0.0890671581115508
"11","E23000011",0.0854464295188543,0.0823473506832699,0.0881987726896786,0.0828558290888512,0.0828558290888512,0.0839876910016978,0.0841822297679683,0.08586233729485,0.0880376344086022,0.0848365874363328,0.0858800226372383,0.0854202037351443,0.0843413978494624,0.0831034238822864,0.0835986134691568,0.085084182229768,0.0848365874363328,0.0831387945670628,0.0877369835880023,0.0834925014148274,0.0809281267685342,0.0868527164685908,0.0871710526315789,0.0850488115449915,0.0861099320882852,0.0855263157894737,0.0841291737408036,0.0877723542727787,0.0860038200339559,0.0836339841539332,0.0867819750990379,0.0853317770232032,0.0858977079796265,0.0883736559139785,0.0838815789473684,0.0884443972835314,0.0846420486700623,0.0857739105829089,0.085013440860215,0.0856854838709677,0.0847835314091681,0.0846774193548387,0.0846597340124505,0.0867642897566497,0.0838815789473684,0.0839876910016978,0.0872948500282966,0.0865874363327674,0.0845713073005093,0.0866581777023203,0.0843413978494624,0.0855086304470855,0.0878961516694963,0.0868350311262026,0.0862514148273911,0.0857385398981324,0.0844121392190153,0.0853494623655914,0.0871887379739672,0.0844828805885682,0.0836693548387097,0.085013440860215,0.0849957555178268,0.0841468590831918,0.0867466044142615,0.0844298245614035,0.0861806734578381,0.0859861346915676,0.0838815789473684,0.0882144878324844,0.085703169213356,0.0855263157894737,0.0841999151103565,0.0864105829088851,0.0846951046972269,0.0858800226372383,0.0860391907187323,0.0849426994906621,0.0854555744199208,0.0853671477079796,0.0867642897566497,0.0831211092246746,0.0871887379739672,0.0869588285229202,0.0864282682512733,0.0861276174306735,0.0856147425014148,0.0823606395019808,0.0844828805885682,0.0824136955291454,0.0846597340124505,0.0850664968873797,0.0834925014148274,0.0828911997736276,0.0826259196378042,0.08586233729485,0.0850664968873797,0.0879668930390492,0.0862514148273911,0.0854909451046972,0.0842176004527448,0.0855440011318619,0.0851018675721562
"12","E23000012",0.0832030786401663,0.0801264615516691,0.0863020016572597,0.0830766122923085,0.0856522397858694,0.0828998535427504,0.0833038735417403,0.0875965860310085,0.0852229685369426,0.0821423160446442,0.084541184788647,0.0852229685369426,0.0824453310438867,0.0834048785414878,0.0858542497853644,0.0814857835462855,0.0831523660421191,0.0850714610373213,0.0841876672895308,0.0850462097873845,0.0828493510428766,0.0806777435483056,0.0803999797990001,0.0823695772940761,0.0839351547901621,0.0830261097924347,0.0826978435432554,0.0822433210443917,0.0835311347911722,0.0835058835412353,0.083960406040099,0.0813595272966012,0.0824453310438867,0.0836573910408565,0.0862582697843543,0.0846674410383314,0.0833796272915509,0.0837836472905409,0.0844149285389627,0.0830261097924347,0.0814100297964749,0.0828240997929398,0.0857027422857431,0.0845159335387102,0.0835816372910459,0.0821423160446442,0.0809050047977375,0.0809555072976112,0.0830261097924347,0.082975607292561,0.082192818544518,0.0825463360436342,0.0831271147921822,0.0812585222968537,0.0849199535377001,0.0823190747942023,0.0807787485480531,0.081788798545528,0.0844149285389627,0.0852987222867532,0.0831018635422453,0.0843644260390889,0.0833038735417403,0.0821170647947073,0.0816877935457805,0.0825210847936973,0.0822938235442654,0.0809302560476744,0.0826473410433816,0.0831523660421191,0.0844149285389627,0.0830513610423716,0.0820413110448967,0.0848189485379526,0.0831271147921822,0.0840866622897833,0.0819150547952124,0.0822685722943286,0.0848189485379526,0.0865360335336599,0.0816877935457805,0.081006009797485,0.0836068885409828,0.0812585222968537,0.0881521135296197,0.0840866622897833,0.081586788546033,0.0819655572950861,0.0808292510479269,0.0833291247916772,0.0833291247916772,0.0816120397959699,0.0848694510378264,0.0858289985354275,0.0837836472905409,0.0822433210443917,0.0820160597949599,0.0849199535377001,0.0811575172971062,0.0839856572900359,0.0812332710469168,0.0820160597949599,0.084541184788647
"13","E23000013",0.084703533402989,0.0804761861329213,0.0894865888247775,0.0845600676818951,0.0862521150592217,0.085575296108291,0.0846446700507614,0.0832910321489002,0.0832064297800338,0.0823604060913706,0.0863790186125211,0.0884940778341794,0.085575296108291,0.0855329949238579,0.0856175972927242,0.0797377326565144,0.0864213197969543,0.0860406091370558,0.0879441624365482,0.0879864636209814,0.0854060913705584,0.0844754653130288,0.0850676818950931,0.0870558375634518,0.08248730964467,0.0854906937394247,0.0843908629441624,0.0830795262267344,0.0841793570219966,0.0867597292724196,0.0871827411167513,0.0876903553299492,0.0851522842639594,0.0879441624365482,0.0851099830795262,0.0838409475465313,0.0848984771573604,0.0843908629441624,0.0857021996615905,0.0832064297800338,0.0869712351945855,0.0862098138747885,0.0846023688663283,0.083248730964467,0.0842216582064298,0.0872250423011844,0.0841370558375635,0.0850676818950931,0.0820642978003384,0.0826142131979695,0.0829526226734349,0.0809644670050761,0.0856598984771574,0.0835871404399323,0.0866328257191201,0.0929780033840948,0.0826988155668359,0.0852368866328257,0.0857868020304569,0.0876480541455161,0.0826988155668359,0.0841370558375635,0.0818527918781726,0.0821489001692047,0.080922165820643,0.0845600676818951,0.0832064297800338,0.0874788494077834,0.0848138747884941,0.0892978003384095,0.0859983079526227,0.0852368866328257,0.0854060913705584,0.082741116751269,0.0834602368866328,0.0821489001692047,0.0836717428087986,0.0854060913705584,0.0866328257191201,0.0862521150592217,0.0807529610829103,0.0854906937394247,0.0861675126903553,0.0875211505922166,0.0886209813874789,0.0804568527918782,0.0833756345177665,0.0907360406091371,0.0846869712351946,0.0856598984771574,0.0841370558375635,0.0875211505922166,0.0837986463620981,0.0901438240270728,0.0851099830795262,0.0848138747884941,0.0868020304568528,0.0840524534686971,0.0852791878172589,0.0833756345177665,0.0849830795262267,0.0788917089678511,0.0840524534686971
"14","E23000014",0.0900770003717513,0.0878780088929787,0.0922149287651763,0.091005291005291,0.0902323441453876,0.0891649413388544,0.0917138256268691,0.0898550724637681,0.0885852311939268,0.0897722567287785,0.0901311249137336,0.0894501955371521,0.0915389924085576,0.0927904301817345,0.0888612836438923,0.0908580630319761,0.0891005291005291,0.0896802392454566,0.0893305728088337,0.0877110651023695,0.0902783528870485,0.0893121693121693,0.0913917644352427,0.0911249137336094,0.0872233724407637,0.0902599493903842,0.0913641591902462,0.0888612836438923,0.0906004140786749,0.0890821256038647,0.0902599493903842,0.0884656084656085,0.0923763515067863,0.0895238095238095,0.0887784679089027,0.088594432942259,0.0897354497354497,0.089901081205429,0.0886864504255809,0.0899562916954221,0.0901587301587302,0.0915850011502185,0.0906832298136646,0.0890361168622038,0.0892201518288475,0.0880975385323211,0.0900391074304118,0.0905728088336784,0.0895698182654704,0.092210720036807,0.0901219231654014,0.0908120542903152,0.0906004140786749,0.0884748102139406,0.0905083965953531,0.0900575109270761,0.0902967563837129,0.0884011962272832,0.0906464228203359,0.0909592822636301,0.0913273521969174,0.0886496434322521,0.0906188175753393,0.0886680469289165,0.0905452035886818,0.0895882217621348,0.0915021854152289,0.0915481941568898,0.0903703703703704,0.092008281573499,0.0913917644352427,0.0881159420289855,0.0888336783988958,0.0908488612836439,0.089045318610536,0.0920174833218311,0.090554405337014,0.0918058431101909,0.0895146077754773,0.0897814584771107,0.0900207039337474,0.0907752472969864,0.0888244766505636,0.0905820105820106,0.0904347826086957,0.0897262479871175,0.0909316770186335,0.0909592822636301,0.0912445364619278,0.0905728088336784,0.0889348976305498,0.0895882217621348,0.0901863354037267,0.0890913273521969,0.0902139406487233,0.0904991948470209,0.088944099378882,0.0898182654704394,0.0886496434322521,0.0899194847020934,0.0900115021854152,0.0892661605705084,0.091106510236945
"15","E23000015",0.0822836500028088,0.0794290588011166,0.0857070573513335,0.0808270676691729,0.0839382940108893,0.0839598997493734,0.0882810474462017,0.0822962578860945,0.0823826808400311,0.0817129029470227,0.0820153832858007,0.0794010889292196,0.0852778497969061,0.0815400570391496,0.0810647307924985,0.0844784374729928,0.0804165586379742,0.0814104226082448,0.0838302653184686,0.0827499783942615,0.0831820931639443,0.0791202143289258,0.0811511537464351,0.0847161005963184,0.0843271973036038,0.0827715841327457,0.0852778497969061,0.0815832685161179,0.0828364013481981,0.0818857488548959,0.0805894045458474,0.0812159709618875,0.0838086595799844,0.0832469103793968,0.0815184513006655,0.0833333333333333,0.0822962578860945,0.0821450177167056,0.0815832685161179,0.0824258923169994,0.0833117275948492,0.0848673407657074,0.081302393915824,0.0854074842278109,0.0847593120732867,0.0802653184685853,0.0842191686111831,0.0805461930688791,0.0815616627776337,0.081604874254602,0.0813239996543082,0.0837870538415003,0.0833333333333333,0.0802653184685853,0.0847161005963184,0.0826851611788091,0.0808270676691729,0.0823178636245787,0.0833117275948492,0.0833549390718175,0.0818209316394434,0.0794226946677037,0.0843920145190563,0.083592602195143,0.0846944948578342,0.0797899922219341,0.0845648604269294,0.0845648604269294,0.0821018062397373,0.0827067669172932,0.0834845735027223,0.0838086595799844,0.0840247169648259,0.0807622504537205,0.0837870538415003,0.0839382940108893,0.0825339210094201,0.0795955405755769,0.0832469103793968,0.0815184513006655,0.0815400570391496,0.0819937775473166,0.0816696914700544,0.0813672111312765,0.0844352259960245,0.0817129029470227,0.0851698211044854,0.0828580070866822,0.0805461930688791,0.0811295480079509,0.0819289603318641,0.0820369890242849,0.0829228243021346,0.0825771324863884,0.0831172759484919,0.0831820931639443,0.0836574194105955,0.082663555440325,0.0824907095324518,0.0817129029470227,0.0803949528994901,0.083441362025754,0.0815400570391496
"16","E23000016",0.0799291488923195,0.0768919047127994,0.0825422996735748,0.0773448436770882,0.0792113859076062,0.0803390885052108,0.0779086949758905,0.0799891118369886,0.0795419194275937,0.0776559340488412,0.0776753771970757,0.0798141235028776,0.0799113392440504,0.0805335199875564,0.0803196453569762,0.0774226162700264,0.0782392284958781,0.0821084149945559,0.0789391818323223,0.0801641001710997,0.0803585316534453,0.0775392751594338,0.0795613625758283,0.0788419660911495,0.0801835433193343,0.0819528698086794,0.076644890340644,0.0791530564629025,0.0795224762793592,0.0805140768393218,0.0773059573806191,0.0774615025664956,0.0784919894229274,0.0778503655311868,0.0806112925804946,0.0794058173899518,0.0779864675688287,0.0808057240628403,0.0784919894229274,0.0789780681287914,0.0812723596204697,0.0806501788769638,0.0814279048063462,0.0786086483123347,0.0791530564629025,0.0764504588582983,0.0798918960958158,0.077442059418261,0.0800668844299269,0.0811362575828278,0.0805335199875564,0.0798724529475813,0.0804751905428527,0.0806890651734329,0.0796780214652357,0.0789197386840877,0.0809418261004822,0.0799502255405195,0.0787447503499767,0.0800085549852232,0.0803196453569762,0.081661222585161,0.0784336599782237,0.079794680354643,0.0806112925804946,0.0792697153523099,0.078686420905273,0.08259449370042,0.080416861098149,0.0788419660911495,0.0819917561051485,0.0804751905428527,0.0775392751594338,0.0783170010888163,0.0813112459169389,0.0800474412816923,0.081972312956914,0.0808057240628403,0.082283403328667,0.0805140768393218,0.079308601648779,0.0796002488722974,0.0803779748016799,0.0803585316534453,0.0804751905428527,0.0814667911028154,0.0808057240628403,0.0802418727640379,0.0824000622180743,0.0787447503499767,0.0770920827500389,0.078550318867631,0.07948358998289,0.0806307357287292,0.0828083683310002,0.0806696220251983,0.080416861098149,0.0831194587027532,0.0790169544252605,0.0790363975734951,0.079172499611137,0.0795224762793592,0.0778309223829523
"17","E23000017",0.0817428194194931,0.0778916722877879,0.0859429597468441,0.0809090909090909,0.0820779220779221,0.0812554112554113,0.0812121212121212,0.0840692640692641,0.0832900432900433,0.080952380952381,0.0804329004329004,0.0771861471861472,0.081948051948052,0.0814285714285714,0.0822077922077922,0.0817316017316017,0.0845454545454545,0.0806060606060606,0.0798701298701299,0.0826406926406926,0.0842857142857143,0.0787878787878788,0.081948051948052,0.0838528138528139,0.0788311688311688,0.0805194805194805,0.0803896103896104,0.0784848484848485,0.0796969696969697,0.0824242424242424,0.0838961038961039,0.0824675324675325,0.0814285714285714,0.0819047619047619,0.0821645021645022,0.082987012987013,0.0808225108225108,0.0854112554112554,0.0844588744588745,0.0816017316017316,0.0822943722943723,0.080952380952381,0.0842857142857143,0.0798701298701299,0.0839393939393939,0.0820779220779221,0.0803030303030303,0.0823376623376623,0.0798268398268398,0.0824242424242424,0.0792640692640693,0.0832034632034632,0.0812554112554113,0.0835064935064935,0.0825541125541126,0.0831168831168831,0.0795670995670996,0.0774458874458874,0.0802597402597403,0.0815584415584416,0.0822943722943723,0.0857142857142857,0.0806493506493507,0.0826406926406926,0.0793939393939394,0.0827272727272727,0.07995670995671,0.0832034632034632,0.0831601731601732,0.083982683982684,0.0821645021645022,0.0867099567099567,0.0849350649350649,0.0835064935064935,0.0823376623376623,0.0835930735930736,0.0775757575757576,0.0795238095238095,0.0810822510822511,0.0824675324675325,0.0814718614718615,0.0854112554112554,0.0846753246753247,0.0821645021645022,0.0785281385281385,0.0802597402597403,0.0839393939393939,0.078961038961039,0.0804761904761905,0.084025974025974,0.0813419913419913,0.0864069264069264,0.0824675324675325,0.0812987012987013,0.079047619047619,0.083030303030303,0.0804761904761905,0.0806493506493507,0.0830735930735931,0.0833333333333333,0.0794805194805195,0.0831601731601732,0.0876623376623377
"18","E23000018",0.0816057648974036,0.0786741918848801,0.084669028551532,0.0839024165919386,0.0810972385091168,0.0830976523878504,0.0807063530385597,0.0813271711388563,0.0811202317720908,0.083258605228668,0.0808213193534294,0.0834195580694856,0.0790968246303833,0.0807983260904555,0.0830746591248764,0.0797176427306799,0.0845462279552091,0.0840863626957302,0.0816490768204916,0.0821089420799706,0.0826837736543193,0.0818100296613092,0.0830976523878504,0.0841783357476259,0.0813731576648042,0.0802694810420547,0.0806143799866639,0.0822009151318664,0.0844082683773654,0.0799475753604194,0.0832815984916419,0.0810512519831689,0.0815571037685958,0.0791658044193051,0.0822698949207882,0.0829137062840588,0.0812811846129084,0.0812581913499345,0.0831896254397462,0.0808443126164034,0.0799475753604194,0.0801545147271849,0.080108528201237,0.0840863626957302,0.0830056793359546,0.08059138672369,0.0801545147271849,0.0822009151318664,0.0835115311213814,0.081005265457221,0.0824078544986319,0.0821779218688924,0.0822928881837622,0.0816950633464395,0.081924995976179,0.0798096157825757,0.079671656204732,0.0816030902945437,0.0803154675680026,0.0821319353429445,0.0833965648065117,0.0790508381044354,0.0808902991423513,0.0802694810420547,0.0798785955714976,0.0819479892391529,0.0840173829068083,0.085052079740636,0.0801775079901589,0.0832815984916419,0.0836494906992251,0.0785679795819825,0.0804764204088202,0.0808902991423513,0.0842243222735738,0.079671656204732,0.081028258720195,0.0828677197581109,0.0824998275505277,0.0807983260904555,0.0833275850175898,0.0820859488169966,0.0811662182980387,0.0816030902945437,0.0830516658619025,0.0783840334781909,0.0823388747097101,0.0809822721942471,0.0814191441907521,0.0835575176473293,0.0808902991423513,0.0816030902945437,0.0798556023085236,0.0833965648065117,0.082821733232163,0.0790508381044354,0.0802694810420547,0.0815800970315698,0.0821319353429445,0.0840863626957302,0.0806373732496379,0.0792807707341749,0.0809822721942471
"19","E23000019",0.0854042055973277,0.0818963968433467,0.0889730078435764,0.0849423365115218,0.0855504636969789,0.0847034294029494,0.0881132854071194,0.0831831114393067,0.0855070260408748,0.0836609256564516,0.0885042243120561,0.0852029624481463,0.0837478009686597,0.0864843733032166,0.0863540603349043,0.0859631214299676,0.0829442043307343,0.0810112286341029,0.0880264100949113,0.0864626544751645,0.0835088938600873,0.0842690528419087,0.0862454661946441,0.0852029624481463,0.0852029624481463,0.0851812436200943,0.0849206176834698,0.0836392068283995,0.0846599917468453,0.0848554611993137,0.0853767130725626,0.0859848402580197,0.0909150142258324,0.0839649892491801,0.0845513976065851,0.0870707816606216,0.08279217253437,0.0854635883847708,0.0875268770497144,0.0853332754164585,0.0862454661946441,0.083899832765024,0.085050930651782,0.0846599917468453,0.0847251482310015,0.0841387398735964,0.0844210846382729,0.0874400017375062,0.0873531264252981,0.0882435983754317,0.0832048302673588,0.0871142193167257,0.0888951632169928,0.0863540603349043,0.0868535933801012,0.0853984319006146,0.0838563951089199,0.0855287448689269,0.0872445322850379,0.0865278109593206,0.0843124904980127,0.0877657841582868,0.0875485958777664,0.0845296787785331,0.083921551593076,0.0834220185478792,0.0803813826205938,0.0848988988554178,0.0874617205655583,0.0904154811806355,0.085050930651782,0.0854418695567187,0.0859631214299676,0.0842690528419087,0.085615620181135,0.08279217253437,0.0858545272897075,0.0874400017375062,0.0836609256564516,0.0854635883847708,0.0874834393936103,0.0859631214299676,0.0828356101904741,0.087874378298547,0.0831396737832027,0.0834654562039832,0.0857676519774993,0.0859848402580197,0.0846165540907413,0.0841387398735964,0.0857676519774993,0.0893946962621897,0.0856590578372391,0.0869187498642573,0.0846165540907413,0.0840953022174923,0.086180309710488,0.0847251482310015,0.0872445322850379,0.0842907716699607,0.0846817105748974,0.0842907716699607,0.0839432704211281
"20","E23000020",0.076443703151112,0.0725574353660291,0.0797949117688701,0.0781835358504088,0.0740137472717204,0.0769130533928397,0.0786396064762029,0.080040394826856,0.0757728768283546,0.0759683356679806,0.0759031827214386,0.0757728768283546,0.0713750529367691,0.0755774179887285,0.0739160178519074,0.0763592533472326,0.0763918298205036,0.0786721829494739,0.0759357591947096,0.0761637945076066,0.0760660650877936,0.0735251001726553,0.0734925236993843,0.0755122650421865,0.0788676417890999,0.079584324201062,0.0760660650877936,0.0770759357591947,0.0756751474085415,0.0771410887057367,0.0751865003094765,0.0762941004006906,0.0755448415154575,0.0750236179431215,0.0801381242466691,0.0761637945076066,0.0786396064762029,0.0759357591947096,0.0783464182167639,0.0749258885233085,0.0771410887057367,0.0784115711633059,0.0766524416066717,0.0728409942339642,0.0741114766915334,0.0756425709352705,0.0755448415154575,0.0740463237449914,0.0747955826302245,0.0779555005375118,0.0772062416522787,0.0770759357591947,0.0763266768739616,0.0729061471805062,0.0745023943707854,0.0754796885689155,0.0712773235169561,0.0743720884777014,0.0762941004006906,0.0763266768739616,0.0778903475909698,0.0785418770563899,0.0736228295924683,0.0777274652246148,0.0720917353487311,0.0738508649053653,0.0743069355311594,0.0781835358504088,0.0779229240642408,0.0762289474541486,0.0743720884777014,0.0760986415610646,0.0760334886145226,0.0779555005375118,0.0771410887057367,0.0775971593315308,0.0753493826758315,0.0747955826302245,0.0754796885689155,0.0767501710264847,0.0786721829494739,0.0762615239274196,0.0782486887969508,0.0754796885689155,0.0769782063393817,0.0749258885233085,0.0786721829494739,0.0755122650421865,0.0765221357135877,0.0762289474541486,0.0778577711176988,0.080007818353585,0.0775320063849888,0.0765547121868587,0.0763918298205036,0.0755122650421865,0.0766524416066717,0.0788024888425579,0.0739160178519074,0.0757728768283546,0.0770759357591947,0.0723849236081702,0.0760009121412516
"21","E23000021",0.0863322656764334,0.0833521787916529,0.0895928848240883,0.0859305651444916,0.0871880856100207,0.0858072788243417,0.0881497189071901,0.0863743958970313,0.0842045566623927,0.08824834796331,0.0894565539007792,0.0872127428740507,0.0843771575106026,0.0861278232567314,0.0861278232567314,0.0861031659927014,0.0863743958970313,0.0849442745832922,0.0864976822171812,0.086694940329421,0.0844018147746326,0.0879278035309202,0.0878538317388303,0.0845004438307525,0.0851908472235921,0.086818226649571,0.0870401420258408,0.0851168754315021,0.0872374001380807,0.0858812506164316,0.0848209882631423,0.0862017950488214,0.0864483676891212,0.0857579642962817,0.0857086497682217,0.0887414932439097,0.0845744156228425,0.083834697701943,0.0885195778676398,0.0872867146661406,0.0864730249531512,0.0878291744748003,0.0895551829568991,0.08829766249137,0.0880510898510701,0.0863990531610613,0.0855360489200118,0.0880264325870401,0.0843771575106026,0.0880510898510701,0.0863004241049413,0.0829470361968636,0.0870401420258408,0.0860785087286715,0.0869168557056909,0.0869168557056909,0.0895058684288391,0.0864730249531512,0.0864976822171812,0.0868428839136009,0.0871634283459907,0.0848209882631423,0.0883716342834599,0.086818226649571,0.0863743958970313,0.0881497189071901,0.0883716342834599,0.0898757273892889,0.0876319163625604,0.0865469967452411,0.0822812900680541,0.0877305454186803,0.0851168754315021,0.0845497583588125,0.0842538711904527,0.0873113719301706,0.086744254857481,0.0878538317388303,0.08829766249137,0.0846730446789624,0.0862264523128514,0.0854620771279219,0.0876072590985304,0.0858812506164316,0.083810040437913,0.0885688923956998,0.0855853634480718,0.0832922378932834,0.0863497386330013,0.0816895157313345,0.0879031462668902,0.0850429036394122,0.0858319360883716,0.0885688923956998,0.0879278035309202,0.086793569385541,0.0883962915474899,0.086818226649571,0.0855607061840418,0.0862264523128514,0.0866456258013611,0.0869415129697209,0.0853881053358319
"22","E23000022",0.0867271400271088,0.0829834272507897,0.090749586338339,0.0843151565703959,0.0874430890070552,0.086574218885761,0.0899801897612345,0.0862266708372433,0.0872345601779446,0.0852882911062454,0.0873735793973517,0.0851492718868384,0.0860876516178362,0.0855663295450596,0.0895631321030132,0.0871302957633893,0.0925868001251173,0.0840023633267299,0.0877211274458694,0.0884509783477566,0.0878949014701282,0.0879991658846836,0.0880339206895353,0.0903277378097522,0.0873735793973517,0.0856010843499114,0.0856358391547632,0.0881729399089424,0.0879644110798318,0.090049699370938,0.0837243248879158,0.0874083342022035,0.0830292287908803,0.0861224064226879,0.0880339206895353,0.0913703819553053,0.0841066277412852,0.0854620651305043,0.08792965627498,0.0913703819553053,0.0848017238383206,0.0856358391547632,0.0862266708372433,0.0861571612275397,0.087477843811907,0.0850797622771348,0.0857053487644667,0.0856358391547632,0.0872693149827964,0.0845236853995065,0.0854620651305043,0.0893546032739026,0.0854273103256525,0.0823688874986967,0.087026031348834,0.0851840266916901,0.0857748583741702,0.0862961804469468,0.0857748583741702,0.0868522573245751,0.083237757619991,0.0847669690334689,0.0865047092760574,0.0830639835957321,0.0872693149827964,0.0838633441073228,0.0880339206895353,0.0843846661800994,0.0894936224933097,0.0861919160323915,0.084905988252876,0.0868522573245751,0.0880686754943871,0.0873040697876481,0.0882772043234977,0.0884509783477566,0.0893893580787544,0.0863656900566503,0.0869217669342787,0.0861224064226879,0.0894588676884579,0.0864351996663539,0.0861571612275397,0.0877558822507212,0.0856010843499114,0.0871302957633893,0.0904320022243075,0.0863656900566503,0.0870607861536857,0.0843151565703959,0.0863656900566503,0.0902582282000487,0.088381468738053,0.0885552427623119,0.087026031348834,0.0877211274458694,0.0916831751989713,0.0855315747402078,0.0859833872032809,0.0867827477148716,0.0870955409585375,0.0876516178361658,0.0870955409585375
"23","E23000023",0.0851923360716218,0.081581325604942,0.089070460658355,0.087591465289307,0.0884215704359589,0.0867921047777163,0.0843940232429441,0.0850704052142901,0.083871364446904,0.0866691262374716,0.0818729631679272,0.0850089159441677,0.0863616798868597,0.0847014695935559,0.0836868966365369,0.0841173215273935,0.0822418987886614,0.0841173215273935,0.0886367828813872,0.08454774641825,0.0906659287954252,0.0843940232429441,0.0862079567115538,0.0823956219639673,0.0839635983520876,0.0852856176597184,0.0850396605792289,0.0842710447026994,0.0825800897743344,0.083871364446904,0.0833179610158027,0.0832564717456804,0.0871610403984505,0.0856852979155137,0.0851933837545348,0.0856852979155137,0.0863309352517986,0.0863001906167374,0.084209555432577,0.0867306155075939,0.0900510360942016,0.0874992313841235,0.0859619996310644,0.0871917850335116,0.085224128389596,0.0858697657258808,0.0885138043411425,0.0844555125130665,0.0864231691569821,0.0846399803234336,0.0836868966365369,0.0823648773289061,0.0856545532804526,0.0866691262374716,0.0847322142286171,0.0857775318206973,0.0850396605792289,0.0843017893377606,0.0870073172231446,0.085900510360942,0.0819651970731107,0.0850396605792289,0.0836868966365369,0.0860849781713091,0.0859312549960032,0.0854700854700855,0.0841480661624547,0.0843325339728217,0.0863001906167374,0.0834101949209863,0.0831334932054357,0.0876529545594294,0.08454774641825,0.0833487056508639,0.0844555125130665,0.0878374223697965,0.0844555125130665,0.0824571112340897,0.085562319375269,0.0863924245219209,0.0828875361249462,0.0888519953268155,0.0864539137920433,0.0847322142286171,0.0863309352517986,0.0831642378404968,0.0874069974789399,0.0847014695935559,0.0890672077722437,0.0890672077722437,0.0826108344093956,0.0851318944844125,0.0833179610158027,0.0803357314148681,0.0860849781713091,0.0867921047777163,0.0853163622947796,0.0859619996310644,0.0837176412715981,0.0871302957633893,0.0860234889011867,0.0851011498493513,0.0885752936112648
"24","E23000024",0.0786836341158606,0.0753293332361043,0.081615409829903,0.0782896151365298,0.0763814233498172,0.0785314986024511,0.0807890776177166,0.081702859600086,0.0760857880025801,0.0779671038486347,0.0824822618791658,0.0772145775102129,0.0782896151365298,0.0763007955278435,0.0804665663298215,0.0796871640507418,0.077160825628897,0.0793109008815309,0.0767845624596861,0.0764082992904752,0.0796334121694259,0.0774833369167921,0.0790152655342937,0.0778058482046872,0.0785046226617932,0.0779671038486347,0.0781283594925822,0.0769189421629757,0.0776177166200817,0.0783164910771877,0.0790421414749516,0.0796334121694259,0.0761932917652118,0.0763814233498172,0.0818372393033756,0.0775908406794238,0.0788002580090303,0.0796334121694259,0.0773758331541604,0.0797677918727155,0.0786390023650828,0.0797409159320576,0.0770801978069232,0.0808965813803483,0.0815953558374543,0.0765426789937648,0.0776983444420555,0.0794990324661363,0.0794990324661363,0.0807084497957428,0.0788271339496882,0.0760589120619222,0.0766233068157385,0.0756826488927112,0.0779671038486347,0.08100408514298,0.0769189421629757,0.0802515588045582,0.0753870135454741,0.0794721565254784,0.0804128144485057,0.0766501827563965,0.0819984949473232,0.0784508707804773,0.0777252203827134,0.0790421414749516,0.0787465061277145,0.0767039346377123,0.0777789722640292,0.0801709309825844,0.0776983444420555,0.078558374543109,0.0793109008815309,0.0782627391958719,0.0763814233498172,0.0791496452375833,0.0784777467211352,0.0802784347452161,0.0779671038486347,0.0781283594925822,0.0777789722640292,0.0821328746506128,0.0785046226617932,0.0772952053321866,0.0742044721565255,0.0770801978069232,0.0783971188991615,0.0773758331541604,0.0793109008815309,0.0777789722640292,0.0783164910771877,0.0800096753386369,0.0782896151365298,0.0778864760266609,0.079257149000215,0.0767845624596861,0.0797946678133735,0.0795259084067942,0.0798215437540314,0.078208987314556,0.0790421414749516,0.0781014835519243,0.0788540098903462
"25","E23000025",0.0798983089027981,0.0763235848410313,0.0841526975815728,0.0827701615498487,0.0796485808071056,0.083252880221407,0.0767522687777563,0.080549655660681,0.0811610993113214,0.0824161678573727,0.0806140181502221,0.0764304563300508,0.080549655660681,0.0805818369054515,0.0811289180665508,0.0787796871983008,0.0800347557443522,0.0861491922507563,0.0771062624702323,0.0793911308489412,0.0793267683594001,0.0812254618008625,0.0774924374074789,0.0814507305142563,0.0810645555770097,0.0854090236210337,0.0800347557443522,0.0824161678573727,0.0825127115916844,0.0809358305979275,0.0772671686940851,0.083960867606359,0.0804209306815988,0.0810645555770097,0.0778786123447255,0.0830276115080131,0.0808714681083864,0.0798094870309584,0.0757868314346399,0.0770418999806912,0.0811289180665508,0.0819656304305851,0.0825448928364549,0.0794233120937118,0.0804209306815988,0.0804531119263693,0.0800991182338933,0.0804852931711399,0.0803565681920577,0.0787153247087597,0.078554418484907,0.0764626375748214,0.0790049559116947,0.0792302246250885,0.0816759992276501,0.0833172427109481,0.0819334491858145,0.0791658621355474,0.0767844500225269,0.0800025744995816,0.0787153247087597,0.0801634807234344,0.0774924374074789,0.0811932805560919,0.0787475059535303,0.0837999613825063,0.0813220055351741,0.0775889811417906,0.0770097187359207,0.0808392868636159,0.0797451245414173,0.0791014996460063,0.0766557250434447,0.0788440496878419,0.0793267683594001,0.0830276115080131,0.0828988865289309,0.0798416682757289,0.0802922057025166,0.077910793589496,0.0781038810581193,0.0806461993949926,0.0813863680247152,0.079198043380318,0.083252880221407,0.0794554933384823,0.0804852931711399,0.0814507305142563,0.0805818369054515,0.0808392868636159,0.0834781489348008,0.0791014996460063,0.0806140181502221,0.0810967368217803,0.081257643045633,0.0788762309326125,0.0793911308489412,0.079262405869859,0.0799382120100405,0.0794554933384823,0.0815794554933385,0.0802922057025166,0.0815150930037974
"26","E23000026",0.0880067957641936,0.0829661791930341,0.0926503156523267,0.0907216494845361,0.0898556701030928,0.0909690721649485,0.0848659793814433,0.0867216494845361,0.086680412371134,0.0849072164948454,0.085360824742268,0.0898556701030928,0.091340206185567,0.0903092783505155,0.0847422680412371,0.0879587628865979,0.0898556701030928,0.0834639175257732,0.0889896907216495,0.0878762886597938,0.0869690721649485,0.0846185567010309,0.0864329896907216,0.0854845360824742,0.0878762886597938,0.0896494845360825,0.0872164948453608,0.0861443298969072,0.0917113402061856,0.0851958762886598,0.086020618556701,0.0908865979381443,0.0883298969072165,0.0867628865979381,0.0834226804123711,0.0894020618556701,0.0870103092783505,0.0892371134020618,0.086639175257732,0.0917113402061856,0.0873814432989691,0.0903505154639175,0.0881649484536082,0.0849484536082474,0.0841237113402062,0.0879175257731959,0.0873814432989691,0.0831340206185567,0.0863092783505155,0.0855670103092784,0.0858144329896907,0.0875051546391753,0.0903917525773196,0.0864742268041237,0.0869278350515464,0.0884536082474227,0.0835051546391753,0.0890721649484536,0.0883711340206186,0.0872164948453608,0.086680412371134,0.0882474226804124,0.0909690721649485,0.0909690721649485,0.0857731958762887,0.0877938144329897,0.0905154639175258,0.0914639175257732,0.0901855670103093,0.0924948453608247,0.0883711340206186,0.0902680412371134,0.0867628865979381,0.0909278350515464,0.0891958762886598,0.093360824742268,0.0890309278350516,0.0867216494845361,0.0850721649484536,0.0891958762886598,0.0836701030927835,0.0910103092783505,0.0856082474226804,0.0903505154639175,0.0912577319587629,0.0851958762886598,0.0855257731958763,0.0927835051546392,0.0865979381443299,0.0861443298969072,0.0839587628865979,0.0881649484536082,0.0868041237113402,0.0864742268041237,0.0884123711340206,0.0885360824742268,0.0909278350515464,0.083340206185567,0.0882886597938144,0.0871752577319588,0.0834226804123711,0.0908453608247423,0.0881237113402062
"27","E23000027",0.0885709437945251,0.0852939960879578,0.0922028088126635,0.0866202459124763,0.0930765501740778,0.0902340134855229,0.0918866510951479,0.0884712000352563,0.0893305715922613,0.0861795425499097,0.0877660746551496,0.085540522674188,0.0895729584416729,0.0872372306200696,0.0923934599620995,0.0859812260367547,0.0906526816799612,0.0899695914679829,0.0881186373452029,0.0894407474329029,0.0868185624256313,0.0883389890264863,0.0897492397866996,0.0874135119650963,0.0897712749548279,0.0893526067603896,0.0908289630249879,0.0886034110440263,0.0876118284782513,0.0867524569212463,0.084879467630338,0.0882288131858446,0.0906747168480895,0.0861795425499097,0.0892203957516196,0.0917985104226345,0.0885152703715129,0.0862897183905513,0.0889339385659513,0.0869507734344013,0.0861134370455247,0.0909832092018862,0.087127054779428,0.0902340134855229,0.0881186373452029,0.0888457978934379,0.0914679829007095,0.086069366709268,0.0889559737340796,0.087920320832048,0.0902119783173946,0.0877440394870213,0.0890661495747213,0.0893966770966463,0.0876338636463796,0.0908289630249879,0.0883389890264863,0.0897051694504429,0.0885373055396413,0.0906306465118329,0.0912255960512979,0.0886254462121546,0.0878321801595346,0.0893966770966463,0.0885373055396413,0.0890661495747213,0.0875457229738663,0.0896831342823146,0.087259265788198,0.0875677581419946,0.087589793310123,0.0898153452910846,0.0883830593627429,0.0865100700718346,0.0896170287779296,0.0924595654664845,0.0891983605834912,0.0919086862632762,0.0885373055396413,0.087589793310123,0.0891542902472346,0.087193160283813,0.0888017275571813,0.0891763254153629,0.0837116037195364,0.0896170287779296,0.0882508483539729,0.0900136618042396,0.0891322550791063,0.0893526067603896,0.0866202459124763,0.0896831342823146,0.0886034110440263,0.0871050196112996,0.087655898814508,0.0912917015556829,0.0886254462121546,0.0919086862632762,0.0910272795381429,0.0882728835221013,0.0875457229738663,0.0895949936098012,0.0868405975937596
"28","E23000028",0.0819765661963207,0.0795692572098019,0.084837522451215,0.0807241657621552,0.0801953744677298,0.084036069132504,0.0837577579249116,0.0813921126603768,0.0798753165789986,0.0837577579249116,0.0819348195151819,0.0837716734852913,0.0805015167960814,0.0805850101583591,0.0824079485680888,0.081531268264173,0.0821157218001169,0.0833124599927639,0.0820322284378392,0.0802092900281094,0.0841473936155409,0.0847318471514848,0.0819765661963207,0.0822548774039131,0.0821018062397373,0.0840917313740224,0.0790960451977401,0.0821574684812557,0.0816425927472099,0.0833124599927639,0.0833402911135231,0.082908908741755,0.0831176421474493,0.0825053574907462,0.0853441318081879,0.0814895215830341,0.0837855890456709,0.0847318471514848,0.0814756060226545,0.0813781970999972,0.0827836686983385,0.0819626506359411,0.0865269544404553,0.0811972948150622,0.0802232055884891,0.0820600595585984,0.0824775263699869,0.0832289666304862,0.0836881801230136,0.0835072778380785,0.0814199437811361,0.0807937435640533,0.0815869305056915,0.0822409618435334,0.0834098689154212,0.0817260861094876,0.0815173527037934,0.0806267568394979,0.0814616904622749,0.0828114998190977,0.0804458545545629,0.0820322284378392,0.0819348195151819,0.0812807881773399,0.0818095794717653,0.0819487350755615,0.0819765661963207,0.0834377000361805,0.0811138014527845,0.080696334641396,0.0811416325735437,0.0824636108096073,0.0813225348584787,0.0807519968829145,0.0828254153794773,0.0825053574907462,0.0820878906793577,0.0837716734852913,0.0827975842587181,0.082547104171885,0.0824079485680888,0.0811972948150622,0.0831037265870697,0.0826445130945423,0.0813086192980991,0.0822687929642927,0.0828532465002366,0.0813225348584787,0.0817260861094876,0.0797639920959617,0.0791656229996382,0.0816982549887284,0.0839386602098467,0.0845509448665498,0.084759678272244,0.0839386602098467,0.0814756060226545,0.0824636108096073,0.0823105396454315,0.0810859703320253,0.082185299602015,0.080988561409368,0.0813086192980991
"29","E23000029",0.0874974963836653,0.0850179469553478,0.0897460454781673,0.088249694002448,0.0873929008567931,0.0886725269834205,0.0902970958050517,0.0883943473906754,0.0863358184043619,0.087737843551797,0.0862245465672638,0.0856681873817737,0.0867141426504952,0.0860576388116168,0.087682207633248,0.0867475242016246,0.085534661177256,0.086102147546456,0.0879158784911539,0.0855680427283854,0.0880939134305107,0.0866362523645265,0.0851785912985423,0.0848336486035384,0.0866362523645265,0.0900745521308557,0.0876710804495382,0.0869144319572716,0.0867697785690442,0.0875820629798598,0.087459663959052,0.0897963725381106,0.0890174696784244,0.0878379882051853,0.0868587960387226,0.0857905864025815,0.0889952153110048,0.0879937687771225,0.0870145766106598,0.0860131300767776,0.088249694002448,0.0869589406921108,0.0872482474685657,0.0881272949816402,0.0881272949816402,0.0872371202848559,0.0852453544008012,0.0886168910648715,0.0870145766106598,0.0870368309780794,0.0867586513853344,0.086725269834205,0.0878602425726049,0.089039724045844,0.0861800378324246,0.0880048959608323,0.0878046066540559,0.088416601758095,0.0885390007789029,0.0876154445309892,0.0844108156225659,0.087737843551797,0.087626571714699,0.0858907310559697,0.0864582174251697,0.0871703571825971,0.0868254144875932,0.0862356737509736,0.0887837988205185,0.0861800378324246,0.0880271503282519,0.0886168910648715,0.0876043173472794,0.0874819183264716,0.08757093579615,0.0864025815066207,0.0894959385779459,0.0857460776677423,0.0877712251029265,0.0866139979971069,0.0852008456659619,0.0902970958050517,0.0870924668966285,0.0892956492711695,0.0885056192277734,0.0882051852676088,0.0876599532658284,0.0876376988984088,0.0857794592188717,0.087515299877601,0.0894736842105263,0.0883832202069656,0.0870368309780794,0.0883943473906754,0.0864582174251697,0.0861244019138756,0.0874930455101814,0.086947813508401,0.0881050406142205,0.0872482474685657,0.0880827862468009,0.0883943473906754,0.086947813508401
"30","E23000030",0.0837183222667473,0.081227417725197,0.0860357361725589,0.0838913007708178,0.0837647297074943,0.0846886984697558,0.08180287822598,0.0815623932056653,0.0864353791436202,0.0832457883478679,0.0836761299631678,0.0827268469882416,0.0838913007708178,0.0820180490336299,0.0830053033275533,0.0818535066513094,0.081840849544977,0.0806763957624008,0.0829926462212209,0.0837647297074943,0.0849924690217323,0.0838406723454884,0.0843596137051147,0.0813092510790183,0.0846254129380941,0.0848279266394117,0.0838027010264913,0.0843722708114471,0.0824863619679269,0.0842330426417912,0.0809675092080449,0.0843216423861177,0.0826762185629121,0.0844735276621059,0.0849165263837381,0.0838533294518207,0.0849038692774058,0.084802612426747,0.0836508157505031,0.0856126672320174,0.0823344766919387,0.0830559317528827,0.0825749617122533,0.0837520726011619,0.0834356449428532,0.0839545863024795,0.0831825028162062,0.0858911235713291,0.0854607819560292,0.082600275924918,0.0821952485222828,0.0854607819560292,0.0831445314972091,0.0849038692774058,0.0832584454542003,0.0831318743908768,0.0836761299631678,0.0849418405964028,0.0831825028162062,0.0825496474995886,0.0827141898819092,0.0843469565987824,0.0829926462212209,0.083030617540218,0.0842836710671206,0.0843975850241118,0.0858531522523321,0.0842836710671206,0.0863720936119584,0.0830053033275533,0.0852076398293822,0.0830432746465503,0.0833090738795297,0.0820813345652917,0.0831318743908768,0.0838406723454884,0.0844608705557735,0.0839672434088119,0.0843722708114471,0.0820813345652917,0.0821066487779564,0.0856126672320174,0.0855873530193527,0.0841317857911324,0.0833470451985267,0.0809295378890478,0.0830812459655474,0.0839799005151442,0.084296328173453,0.0824483906489298,0.082562304605921,0.081840849544977,0.0840178718341413,0.0839799005151442,0.0845241560874353,0.0826762185629121,0.084081157365803,0.0842710139607883,0.0829799891148886,0.0855873530193527,0.0832711025605326,0.0828787322642297,0.0846380700444264
"31","E23000031",0.0816931444455902,0.0783594036545753,0.0849315856167996,0.0793786612255644,0.0810460957897277,0.0816823537155269,0.0847320037736677,0.0822966717128502,0.0798393997235569,0.0831303889949319,0.0807828166480177,0.0808486364334452,0.0808266965049694,0.0837885868492069,0.0813313148599136,0.0811777353605827,0.0803220781500252,0.0799929792228877,0.0846003642028127,0.0828232299962702,0.0815945940016236,0.0827793501393185,0.0799929792228877,0.0799929792228877,0.0812435551460102,0.0803001382215494,0.0795322407248952,0.0827574102108427,0.0811338555036311,0.0821650321419952,0.0850172228438535,0.0834375479935935,0.0829548695671252,0.0811996752890586,0.0793347813686127,0.0827793501393185,0.0841396257048202,0.0821650321419952,0.0768994493077953,0.0837447069922552,0.0816823537155269,0.0838324667061585,0.0845345444173852,0.0821430922135194,0.0829987494240769,0.0781500252309177,0.0802562583645977,0.0808925162903969,0.0793347813686127,0.0800587990083152,0.0810460957897277,0.0803220781500252,0.0820772724280919,0.0843590249895785,0.0795541806533711,0.0807169968625902,0.0806731170056386,0.0803440180785011,0.0820553324996161,0.0791812018692819,0.0813971346453411,0.0824063713552294,0.0803001382215494,0.0819456328572369,0.0828232299962702,0.0825599508545602,0.0824502512121811,0.0810460957897277,0.0814410145022927,0.0818139932863819,0.084424844775006,0.0808047565764936,0.0820333925711402,0.0807608767195419,0.0775576471620703,0.0794225410825161,0.0811996752890586,0.082713530353891,0.0837885868492069,0.0820333925711402,0.0822308519274227,0.0825599508545602,0.0789398626560477,0.0811338555036311,0.0829109897101735,0.0792689615831852,0.082581890783036,0.0801026788652669,0.0804098378639286,0.082713530353891,0.0826477105684636,0.0806950569341144,0.0815068342877202,0.0824502512121811,0.0823624914982777,0.0805414774347836,0.082845169924746,0.0831303889949319,0.086267798766976,0.0842273854187235,0.0822527918558986,0.0811119155751552,0.0827574102108427
"32","E23000032",0.0835038990120068,0.0804977741751135,0.0861471650677045,0.0819554681463791,0.080494486197935,0.0841469410690454,0.0834304979981738,0.0846245697829599,0.0849617194633701,0.0852426775303786,0.085453396080635,0.0831354920278149,0.0835007375149259,0.0836271686450797,0.0808035400716443,0.0818711807262766,0.0851162464002248,0.0840767015522933,0.0827000070239517,0.086015312214652,0.0826016717004987,0.0846526655896607,0.0833040668680199,0.0823909531502423,0.0827983423474046,0.079735899417012,0.0833040668680199,0.0841750368757463,0.0853831565638828,0.081885228629627,0.0832197794479174,0.0823347615368406,0.0849055278499684,0.0822083304066868,0.0808878274917469,0.0830933483177636,0.0820538034698321,0.0852848212404299,0.0830231088010114,0.0828404860574559,0.0839783662288403,0.0843436117159514,0.0834866896115755,0.0856219709208401,0.0821942825033364,0.0829669171876097,0.0828123902507551,0.0806349652314392,0.0851724380136265,0.0826157196038491,0.0842874201025497,0.0827281028306525,0.083205731544567,0.0828826297675072,0.0816604621760202,0.0849617194633701,0.0855095876940367,0.0813654562056613,0.0824330968602936,0.0826719112172508,0.0837114560651823,0.0855236355973871,0.0815340310458664,0.0832478752546182,0.0838940788087378,0.0840907494556438,0.0839502704221395,0.0844700428461052,0.0857062583409426,0.0824050010535927,0.0835990728383789,0.0836833602584814,0.0830652525110627,0.0839643183254899,0.0832478752546182,0.0828264381541055,0.0860434080213528,0.0852005338203273,0.0800730490974222,0.084329563812601,0.0817728454028236,0.08198356395308,0.0833040668680199,0.0831354920278149,0.0821942825033364,0.0843998033293531,0.0814497436257638,0.0819133244363279,0.0859029289878486,0.0814778394324647,0.0845683781695582,0.0826719112172508,0.0829950129943106,0.0828264381541055,0.0807052047481913,0.0821942825033364,0.0841188452623446,0.0838800309053874,0.0815059352391656,0.0846245697829599,0.0840907494556438,0.0833743063847721,0.085818641567746
"33","E23000033",0.0791192159746173,0.0760026674238091,0.0816498945880354,0.0777043458358367,0.0804938059680142,0.0781621033959889,0.0784338969473293,0.0793064972963694,0.078448201871084,0.0800646582553715,0.0790919234400481,0.0799073040940692,0.075515692501359,0.0789917889737648,0.0777758704546105,0.0786055560323864,0.080093268102881,0.0764025977741539,0.0790490086687838,0.0786484708036506,0.0770892341143822,0.0758733155952279,0.0769175750293251,0.0785483363373673,0.0779904443109318,0.0799645237890882,0.0819958229622636,0.076745915944268,0.0781048837009699,0.0771607587331559,0.078448201871084,0.0777615655308557,0.0779761393871771,0.0762595485366063,0.0794781563814265,0.0789631791262553,0.0801075730266358,0.0794209366864075,0.0782479329385174,0.0769604898005894,0.0797928647040311,0.0795925957714645,0.0772036735044202,0.0772465882756845,0.0813664063170543,0.0760306697565302,0.0821817869710754,0.0803078419592024,0.0787343003461791,0.0780476640059509,0.0782622378622722,0.0772036735044202,0.0802935370354476,0.077747260607101,0.0801075730266358,0.0812519669270163,0.0782336280147627,0.0765885617829657,0.0793351071438789,0.0793494120676337,0.0786484708036506,0.0802077074929191,0.0804365862729952,0.079563985923955,0.0789059594312362,0.0805081108917689,0.0788058249649529,0.0773753325894773,0.0780762738534604,0.0792063628300861,0.0788344348124625,0.0793637169913884,0.0778903098446485,0.0760878894515492,0.0780762738534604,0.0793780219151432,0.0819242983434898,0.0785054215661031,0.0804365862729952,0.0806511601293165,0.0795210711526908,0.0769604898005894,0.0793637169913884,0.0785197264898578,0.079978828712843,0.080093268102881,0.0784625067948388,0.0779332246159128,0.0804508911967499,0.0813664063170543,0.0798786942465597,0.078276542786027,0.0776471261408177,0.0792492776013504,0.0781621033959889,0.0804938059680142,0.0803507567304666,0.0800217434841072,0.0788773495837267,0.0778903098446485,0.0764598174691729,0.0805939404342975,0.0796069006952193
"34","E23000034",0.0802736602052452,0.050334518877985,0.112770503953065,0.0662100456621005,0.0821917808219178,0.0707762557077626,0.105022831050228,0.0867579908675799,0.0936073059360731,0.0799086757990868,0.0662100456621005,0.105022831050228,0.089041095890411,0.0479452054794521,0.045662100456621,0.0753424657534247,0.0776255707762557,0.0799086757990868,0.091324200913242,0.0730593607305936,0.105022831050228,0.0707762557077626,0.0799086757990868,0.102739726027397,0.0753424657534247,0.0844748858447489,0.0753424657534247,0.100456621004566,0.0981735159817352,0.091324200913242,0.0936073059360731,0.0776255707762557,0.0821917808219178,0.0936073059360731,0.0821917808219178,0.0958904109589041,0.0799086757990868,0.0821917808219178,0.0707762557077626,0.0821917808219178,0.0684931506849315,0.121004566210046,0.0821917808219178,0.0776255707762557,0.0593607305936073,0.0707762557077626,0.0867579908675799,0.0662100456621005,0.0958904109589041,0.0753424657534247,0.0776255707762557,0.0479452054794521,0.0936073059360731,0.0616438356164384,0.0776255707762557,0.089041095890411,0.0707762557077626,0.0547945205479452,0.0753424657534247,0.089041095890411,0.0844748858447489,0.091324200913242,0.100456621004566,0.0707762557077626,0.0776255707762557,0.0753424657534247,0.107305936073059,0.091324200913242,0.0776255707762557,0.0936073059360731,0.091324200913242,0.0547945205479452,0.091324200913242,0.091324200913242,0.0867579908675799,0.0707762557077626,0.0662100456621005,0.118721461187215,0.0776255707762557,0.0799086757990868,0.0867579908675799,0.105022831050228,0.0867579908675799,0.0547945205479452,0.0981735159817352,0.0867579908675799,0.0867579908675799,0.0981735159817352,0.102739726027397,0.0821917808219178,0.0662100456621005,0.102739726027397,0.100456621004566,0.0570776255707763,0.0547945205479452,0.045662100456621,0.105022831050228,0.0662100456621005,0.0639269406392694,0.0593607305936073,0.0639269406392694,0.091324200913242,0.091324200913242
"35","E23000035",0.0785891388946187,0.0761801134382972,0.0809633370143982,0.0786333305645541,0.0782041697815433,0.0773735360079741,0.0791317108286956,0.0787440817343633,0.0802669103192402,0.0775811944513664,0.0786333305645541,0.0778996040645679,0.0787579256305895,0.0795608716117064,0.0771243458759033,0.076916687432511,0.0772489409419387,0.0791178669324695,0.0785779549796495,0.0768751557438325,0.0768889996400587,0.0769720630174156,0.0786471744607802,0.0778719162721156,0.077636570036271,0.0793116814796356,0.0784118282249356,0.0771658775645818,0.076556746130631,0.0769720630174156,0.0795747155079325,0.0804330370739541,0.0774842871777833,0.0790348035551126,0.0787994573192679,0.0799069690173602,0.0803084420079187,0.0781072625079602,0.0773181604230695,0.0798100617437772,0.0778857601683418,0.0765844339230833,0.0808898856494172,0.0811390757814879,0.0788686768003987,0.0783287648475787,0.079796217847551,0.0791732425173741,0.0785779549796495,0.0791317108286956,0.078536423290971,0.0803499736965972,0.0790486474513387,0.0789655840739818,0.0802945981116926,0.0788271451117202,0.0780103552343772,0.0786194866683279,0.0787856134230418,0.0770135947060941,0.0778442284796633,0.0789240523853033,0.0795470277154803,0.0786194866683279,0.0767228728853449,0.0808345100645126,0.0818035828003433,0.0775119749702356,0.0773043165268433,0.0788825206966249,0.0781903258853172,0.0790624913475649,0.0785779549796495,0.0771797214608079,0.0772074092532602,0.0766259656117618,0.0783426087438049,0.0768059362627018,0.0809175734418695,0.0774150676966525,0.0765290583381787,0.0773181604230695,0.080516100451311,0.0778719162721156,0.0786333305645541,0.0770828141872248,0.0799900323947172,0.0793809009607664,0.079256305894731,0.0770551263947725,0.0788686768003987,0.0790624913475649,0.0790486474513387,0.0800730957720741,0.0794224326494449,0.0792147742060526,0.0798100617437772,0.0790486474513387,0.078356452640031,0.0789932718664341,0.0806268516211203,0.0791178669324695,0.0768889996400587
"36","E23000036",0.0836416225832676,0.0811530991496138,0.0861830617882084,0.0825307060174958,0.0840328709021826,0.0849164973049395,0.0826632499779093,0.0847250449176755,0.0831786987128509,0.0859032134546847,0.0826927041913346,0.0823392536302318,0.0842243232894466,0.0866101145768902,0.0851079496922035,0.0834290595269653,0.0839886895820447,0.0822508909899561,0.0840770522223204,0.0833701511001149,0.0844157756767105,0.0824128891637949,0.0833112426732644,0.0851079496922035,0.0844157756767105,0.0839150540484816,0.084283231716297,0.0828399752584607,0.0822361638832435,0.0843715943565727,0.0840623251156078,0.0837530558746429,0.0840328709021826,0.0847692262378133,0.0867279314305911,0.0838708727283438,0.0827957939383229,0.0837972371947807,0.0849459515183647,0.0862272098023622,0.0843715943565727,0.0846808635975376,0.08210361992283,0.0850637683720656,0.0823245265235192,0.0840770522223204,0.0837677829813555,0.0826337957644841,0.0843863214632853,0.08210361992283,0.0834732408471032,0.0836057848075167,0.0852994020794675,0.0833554239934023,0.0847692262378133,0.082677977084622,0.0826632499779093,0.0831786987128509,0.0824570704839327,0.081985803069129,0.0853288562928927,0.0844157756767105,0.0836646932343672,0.0843274130364349,0.0816618067214515,0.0832670613531266,0.0834732408471032,0.0851815852257665,0.0847692262378133,0.0845925009572619,0.082368707843657,0.0820299843892669,0.0822803452033813,0.0820152572825543,0.0834143324202527,0.0816176254013137,0.0822214367765309,0.0832081529262761,0.0833406968866896,0.0824128891637949,0.0835616034873789,0.084474684103561,0.0830608818591499,0.0830608818591499,0.0846514093841124,0.0828547023651733,0.08114635798651,0.0824423433772201,0.0850048599452152,0.0810285411328091,0.0834732408471032,0.0856528526405702,0.0827663397248977,0.0825012518040706,0.0863597537627758,0.0824570704839327,0.0833112426732644,0.0858590321345468,0.0823539807369444,0.0832228800329887,0.0842390503961592,0.0873906512326588,0.0830314276457247
"37","E23000037",0.0806001217524498,0.0760333158745036,0.0844238359596022,0.0820438300212081,0.0766239886890268,0.0804335873065745,0.0843610085617783,0.0822009268714162,0.0820438300212081,0.0789804414421491,0.0766632629015788,0.0816510878956877,0.0800015709685021,0.0796088288429817,0.0796873772680858,0.0798051999057419,0.0802764904563664,0.0813761684078234,0.0820831042337601,0.0833398790354253,0.0800801193936062,0.0790589898672532,0.0832613306103213,0.078941167229597,0.0777236666404839,0.0795695546304297,0.0792946351425654,0.0848715733249548,0.0797266514806378,0.0792160867174613,0.0791375382923572,0.0797266514806378,0.0791768125049093,0.0838897180111539,0.0807870552195429,0.0827507658471448,0.0826722174220407,0.0804335873065745,0.0771738276647553,0.079923022543398,0.0828293142722488,0.0808656036446469,0.0808656036446469,0.07996229675595,0.0766239886890268,0.0813761684078234,0.0839289922237059,0.0803157646689184,0.0773309245149635,0.078941167229597,0.0816903621082397,0.0786662477417328,0.0814939910454795,0.08400754064881,0.0801586678187102,0.0796481030555337,0.0798444741182939,0.0798051999057419,0.0821223784463121,0.0817296363207918,0.0823187495090723,0.0765061660513707,0.0824365721467285,0.0795695546304297,0.0798051999057419,0.0792946351425654,0.0760348755007462,0.0789804414421491,0.0743068101484565,0.083025685335009,0.080944152069751,0.0820831042337601,0.0784698766789726,0.0803157646689184,0.0760741497132982,0.0800015709685021,0.0851464928128191,0.0770560050270992,0.0807870552195429,0.0787055219542848,0.0784698766789726,0.0790589898672532,0.0795302804178776,0.0776843924279318,0.0768989081768911,0.080944152069751,0.0833791532479774,0.0791375382923572,0.0836147985232896,0.0797266514806378,0.0787447961668369,0.0775272955777237,0.0816118136831357,0.080983426282303,0.0791768125049093,0.0800408451810541,0.0786662477417328,0.082986411122457,0.0793339093551174,0.0826722174220407,0.0783913282538685,0.0811405231325112,0.0804728615191265
"38","E23000038",0.0831982559086051,0.0790589154334927,0.087176441140565,0.0836312157140329,0.0843036630684835,0.0840559193063175,0.0841974871704123,0.0826756326313927,0.0853654220491948,0.0851884622190763,0.0835604317819855,0.084728366660768,0.0882675632631393,0.0881259953990444,0.0829941603256061,0.0864979649619536,0.0838789594761989,0.080906034330207,0.0848699345248629,0.0805521146699699,0.0826756326313927,0.0812953459564679,0.080906034330207,0.0810122102282782,0.078570164572642,0.082144753141037,0.0843744470005309,0.0822155370730844,0.084232879136436,0.0840559193063175,0.0816138736506813,0.0826048486993452,0.0817554415147762,0.084232879136436,0.0831003362236772,0.0834188639178906,0.0842682711024597,0.0851530702530526,0.0822509290391081,0.0834188639178906,0.0834188639178906,0.0852946381171474,0.0807290745000885,0.0823217129711556,0.0823217129711556,0.0820385772429658,0.0821801451070607,0.0857547336754557,0.0799858432135905,0.0823571049371793,0.0842682711024597,0.0818616174128473,0.0812599539904442,0.0831711201557247,0.0810122102282782,0.0781808529463812,0.0824632808352504,0.0831357281897009,0.0824632808352504,0.0833480799858432,0.0843744470005309,0.0818262254468236,0.0824986728012741,0.0838789594761989,0.0806582905680411,0.0836312157140329,0.0824986728012741,0.0843744470005309,0.0815784816846576,0.0840559193063175,0.087559723942665,0.0855777738453371,0.081401521854539,0.0833834719518669,0.0856131658113608,0.0827818085294638,0.0835250398159618,0.0801274110776854,0.0782870288444523,0.0855777738453371,0.0822509290391081,0.080906034330207,0.0824278888692267,0.0826756326313927,0.0828879844275349,0.0803043709078039,0.0886214829233764,0.0774730136259069,0.0855423818793134,0.0822155370730844,0.0849407184569103,0.0853654220491948,0.0832772960537958,0.0812599539904442,0.0823217129711556,0.0841620952043886,0.0811183861263493,0.0833834719518669,0.0860378694036454,0.0854008140152185,0.0817200495487524,0.0853300300831711,0.0842682711024597
"39","E23000039",0.0753226602722336,0.0715228137303609,0.0791842879500022,0.0760762909358518,0.0736232061817736,0.0788666748436158,0.0756776646633141,0.0759536366981479,0.0759229731387219,0.0738685146571814,0.0745431129645529,0.0737151968600515,0.0718140561756409,0.0738071875383294,0.0752483748313504,0.0760149638169999,0.0752177112719244,0.0770575248374831,0.0775481417882988,0.0760149638169999,0.0732859070280878,0.0752790383907764,0.0731632527903839,0.0732552434686618,0.0761376180547038,0.0733165705875138,0.0776094689071507,0.0769655341592052,0.0768428799215013,0.0753710290690543,0.0790506562001717,0.0762296087329817,0.0752177112719244,0.0790506562001717,0.0792039739973016,0.0754323561879063,0.074451122286275,0.0722740095670305,0.0738071875383294,0.0750337299153686,0.077302833312891,0.0739298417760334,0.0765975714460935,0.0741138231325892,0.0728259536366982,0.0779467680608365,0.0763829265301116,0.0742978044891451,0.0738071875383294,0.0727339629584202,0.0739911688948853,0.0734085612657917,0.0708021587145836,0.0754323561879063,0.0762909358518337,0.0794492824727094,0.075892309579296,0.0737765239789035,0.0771801790751871,0.0790506562001717,0.0706181773580277,0.07586164601987,0.0757389917821661,0.0734698883846437,0.0760762909358518,0.0740524960137373,0.0785600392493561,0.0752790383907764,0.075892309579296,0.0751563841530725,0.0754936833067582,0.0729179443149761,0.0731939163498099,0.07586164601987,0.0756470011038881,0.0769961977186312,0.0783453943333742,0.0725193180424384,0.0749724027965166,0.0764442536489636,0.0749724027965166,0.0750337299153686,0.0740524960137373,0.0754936833067582,0.0755243468661842,0.0789893290813198,0.0750337299153686,0.0781920765362443,0.071660738378511,0.0763522629706856,0.0775788053477248,0.0781920765362443,0.0731632527903839,0.0741751502514412,0.0755550104256102,0.074451122286275,0.0760149638169999,0.0775481417882988,0.0753097019502024,0.0773641604317429,0.0728872807555501,0.0728566171961241,0.0746964307616828
"40","W15000001",0.0780209742895805,0.0745629648926691,0.0816961690721482,0.0779769959404601,0.078382949932341,0.0791948579161028,0.0784167794316644,0.0780108254397835,0.0805142083897158,0.0811569688768606,0.0782476319350474,0.075,0.0784167794316644,0.0793301759133965,0.0767591339648173,0.0785182679296346,0.0773342354533153,0.0774018944519621,0.0779769959404601,0.0755412719891746,0.0786535859269283,0.0775710419485792,0.0795669824086603,0.0780446549391069,0.0795669824086603,0.0768606224627875,0.079127198917456,0.080446549391069,0.0784844384303112,0.0766238159675237,0.0752706359945873,0.0804803788903924,0.0809878213802436,0.0761840324763193,0.0742895805142084,0.0794993234100135,0.076894451962111,0.076319350473613,0.0786197564276049,0.0759133964817321,0.0792625169147497,0.0781123139377537,0.0780446549391069,0.081021650879567,0.075169147496617,0.0793978349120433,0.0781799729364005,0.0777063599458728,0.077638700947226,0.0779093369418133,0.0800067658998647,0.078958051420839,0.0769959404600812,0.0757104194857916,0.0781799729364005,0.0768267929634641,0.0801759133964817,0.0773680649526387,0.079871447902571,0.0764546684709066,0.0772327469553451,0.0783152909336942,0.08234100135318,0.0781799729364005,0.0762516914749662,0.0747631935047361,0.0811569688768606,0.0794993234100135,0.0766238159675237,0.0769959404600812,0.0789918809201624,0.0771312584573748,0.0734776725304466,0.0797699594046008,0.0812246278755074,0.0784844384303112,0.0765223274695535,0.0789918809201624,0.0759472259810555,0.0786197564276049,0.079702300405954,0.0770974289580514,0.0758119079837618,0.0778416779431664,0.0773004059539919,0.081021650879567,0.08234100135318,0.0757104194857916,0.0782476319350474,0.078213802435724,0.0786874154262517,0.0784167794316644,0.0798376184032476,0.0813261163734777,0.0775372124492558,0.0788227334235453,0.0745263870094723,0.076319350473613,0.0774357239512855,0.0786535859269283,0.0806156968876861,0.0762516914749662,0.0801420838971583
"41","W15000002",0.0870301123447435,0.08295716845112,0.0912854804245904,0.0847541388682975,0.0863190840952146,0.0861955357878264,0.0891606951651429,0.0880899431677786,0.0869368256321555,0.0863190840952146,0.0903549954698954,0.0833951074870274,0.0843834939461329,0.0900667160859896,0.0892018779342723,0.0896548883946957,0.0861955357878264,0.0878016637838728,0.0915081130055185,0.0860308047113088,0.0878428465530022,0.0880899431677786,0.0876369327073552,0.0869780084012849,0.0882134914751668,0.0861131702495676,0.0849188699448151,0.0853306976361091,0.0877604810147434,0.0880487603986492,0.0885017708590726,0.0882134914751668,0.0892430607034017,0.0844246767152623,0.0917140268511655,0.0900667160859896,0.0845894077917799,0.0838481179474508,0.0864014496334733,0.0847541388682975,0.0869780084012849,0.088337039782555,0.0847541388682975,0.0858660736347912,0.0866485462482497,0.0897784367020839,0.0859072564039206,0.0879663948603904,0.0854954287126266,0.0864426324026027,0.0882958570134256,0.0903549954698954,0.0850424182522033,0.0886253191664608,0.0898196194712132,0.086360266864344,0.0850836010213327,0.0865249979408615,0.0872251050160613,0.0881723087060374,0.0860308047113088,0.0862367185569558,0.087925212091261,0.0857013425582736,0.0856189770200148,0.0873074705543201,0.0902314471625072,0.0895313400873075,0.0846305905609093,0.0882546742442962,0.0895313400873075,0.0856189770200148,0.0875133843999671,0.0865249979408615,0.0832715591796392,0.0861131702495676,0.0889547813194959,0.0897372539329545,0.0893666090107899,0.0894077917799193,0.0859072564039206,0.0866485462482497,0.0941849929989293,0.0851247837904621,0.0873898360925789,0.0866073634791203,0.0857013425582736,0.0858660736347912,0.0885017708590726,0.0908491886994481,0.0871839222469319,0.0845070422535211,0.0876781154764846,0.0858660736347912,0.0882134914751668,0.0862367185569558,0.0866073634791203,0.0860719874804382,0.0840128490239684,0.0870603739395437,0.0878016637838728,0.0814183345688164,0.0824479037970513
"42","W15000003",0.0879434507018883,0.0847715702148394,0.0909565958649187,0.0911705599292022,0.0857316690941942,0.0891240620217924,0.0874831763122476,0.0885156437249949,0.0854551153229226,0.0874831763122476,0.0898246649090138,0.0884050222164863,0.0859344751931267,0.0860635336197201,0.090211840188794,0.0894190527111488,0.0887368867420122,0.0882759637898929,0.0894559265473183,0.0879072254281974,0.089566548055827,0.0864138350633308,0.0874463024760781,0.0885156437249949,0.0908202584855916,0.0853998045686683,0.0866350780803481,0.0889028190047752,0.0854919891590922,0.0867641365069415,0.0897140434005052,0.0885709544792492,0.0895481111377422,0.0881653422813842,0.0870775641143826,0.0897509172366747,0.0856579214218551,0.0862663397186526,0.0884787698888254,0.0878150408377736,0.0878519146739431,0.0867088257526872,0.087372554803739,0.0872988071313999,0.0891240620217924,0.0875569239845867,0.0855472999133465,0.090138092516455,0.0896587326462508,0.0852154353878206,0.0891793727760468,0.0859344751931267,0.0841092203027342,0.0872803702133151,0.0875200501484172,0.0880178469367061,0.0875753609026715,0.0898431018270986,0.0913918029462195,0.0870960010324674,0.0887737605781817,0.0883681483803167,0.0886262652335036,0.0857685429303638,0.0876491085750106,0.0876675454930954,0.0892531204483858,0.086155718210144,0.0907096369770829,0.0895296742196574,0.0855472999133465,0.0871144379505522,0.0890318774313686,0.090211840188794,0.089972160253692,0.0897324803185899,0.0868563210973654,0.0860266597835506,0.0868378841792806,0.0856763583399399,0.0896402957281661,0.0897693541547595,0.0880178469367061,0.0878887885101127,0.0874463024760781,0.0868931949335349,0.0881284684452147,0.0884050222164863,0.0882944007079777,0.0859344751931267,0.0872803702133151,0.0884050222164863,0.0872803702133151,0.0879625361824517,0.0847913862718708,0.0871513117867217,0.0863400873909917,0.0866719519165176,0.0863585243090765,0.090617452386659,0.0875937978207563,0.0882575268718081,0.0871513117867217
"43","W15000004",0.076147806254451,0.0717931965988425,0.0800989876615018,0.0755431353105562,0.0738754169295952,0.073154241413504,0.0721626250788786,0.0745064455061751,0.0764446047056702,0.0734246822320382,0.0747768863247093,0.0741007842783737,0.0744613720364194,0.0716217434418101,0.0731993148832597,0.0782475434958983,0.0729288740647255,0.0759037230686018,0.0759487965383575,0.0767150455242045,0.0795997475885694,0.0760389434778689,0.0802758496349049,0.0754980618408005,0.0763995312359145,0.0768953394032273,0.0770756332822501,0.0767150455242045,0.074371225096908,0.0763544577661588,0.074371225096908,0.0768502659334716,0.0775714414495628,0.0794194537095466,0.0755882087803119,0.0786982781934553,0.0763544577661588,0.0773010006310286,0.0784729108446768,0.0741458577481295,0.0728838005949698,0.0733345352925268,0.0783376904354097,0.0741458577481295,0.0772108536915172,0.0755882087803119,0.0719372577301001,0.0756783557198233,0.0776615883890742,0.0728387271252141,0.0747768863247093,0.0734246822320382,0.0775263679798071,0.0747768863247093,0.0785630577841882,0.0768502659334716,0.0748670332642207,0.0764896781754259,0.0768051924637159,0.0747318128549536,0.0780221761471198,0.0735148291715496,0.0751374740827549,0.0768953394032273,0.07739114757054,0.0766248985846931,0.0758135761290904,0.0735599026413053,0.0738303434598395,0.0735148291715496,0.076940412872983,0.0765798251149373,0.075272694492022,0.0765347516451816,0.0735599026413053,0.0756783557198233,0.0763093842964031,0.0736500495808167,0.0779771026773641,0.0767150455242045,0.0741458577481295,0.0769854863427387,0.0808167312719733,0.0777968087983413,0.0774812945100514,0.0757685026593347,0.0789687190119895,0.0736500495808167,0.0777968087983413,0.0738754169295952,0.0813576129090417,0.0762192373568917,0.0778869557378527,0.0725232128369242,0.0732894618227711,0.0779771026773641,0.0771657802217615,0.0757685026593347,0.080411070044172,0.0766699720544488,0.0773010006310286,0.0736500495808167,0.0801406292256378
