"","CSP17NM","violence_syn","property_syn","damage_syn","pop","violence_syn_pol","property_syn_pol","damage_syn_pol","all_syn_pol","all_syn","all_ME","violence_ME","property_ME","damage_ME"
"1","Adur",0.0621097708476349,0.113333987120395,0.1013043051878,61182,0.0133209113791638,0.0374293092739695,0.017259978425027,0.0680101990781602,0.27674806315583,0.245747696669029,0.214473684210526,0.330256706085953,0.170377541142304
"2","Allerdale",0.0615938271348862,0.109093360436415,0.0985667171392421,96422,0.0243927734334488,0.0217896330712908,0.0173819252867603,0.0635643317914999,0.269253904710543,0.236075803096834,0.396026267048325,0.199733815001426,0.176346801346801
"3","Amber Valley",0.0652200573956127,0.111381827993034,0.101423443900285,122309,0.0291393110891267,0.0328430450743608,0.0226230285588142,0.0846053847223017,0.278025329288932,0.304308189972063,0.446784505453178,0.29486897159216,0.223055219669488
"4","Arun",0.0593841544161907,0.106863387685764,0.0970719244505678,149518,0.0127944461536404,0.03512620554047,0.0169143514493238,0.0648350031434342,0.263319466552522,0.246221838408981,0.215452190562,0.328701965202153,0.174245556014882
"5","Ashfield",0.0722528599044328,0.11569328100287,0.10401097935513,119497,0.0211637112228759,0.0362603245269756,0.0177159259228265,0.075139961672678,0.291957120262433,0.257366429717955,0.292911744266852,0.313417721518987,0.170327459972645
"6","Ashford",0.0689748719861643,0.121443589134932,0.104318559462851,117956,0.0302994336871376,0.0340381159076266,0.0203465699074231,0.0846841195021873,0.294737020583947,0.287320945751596,0.439282202556539,0.280279232111693,0.195042665583096
"7","Aylesbury Vale",0.0679981853368325,0.125039480409103,0.10573858513699,174137,0.0155165186031688,0.0340593900205011,0.0176355398335793,0.0672114484572492,0.298776250882926,0.22495579303452,0.228190186639642,0.272389087903004,0.166784337153098
"8","Barking and Dagenham",0.0815766684058501,0.15257838428065,0.110692750832388,185911,0.0293957861557412,0.0625460569842559,0.0359688237920295,0.127910666932027,0.344847803518888,0.370919187034986,0.360345509692734,0.409927377846718,0.324942902959327
"9","Barnet",0.0716189749316752,0.141933184805239,0.108124337095172,356386,0.0258596016678545,0.0592082741746309,0.0347797051511563,0.119847580993642,0.321676496832087,0.372571767517729,0.361071932299013,0.417155961489038,0.321663985052162
"10","Barnsley",0.0693059886429001,0.116243766785889,0.101811686654759,231221,0.0210404764273141,0.0409002642493545,0.0289593073293516,0.0909000480060202,0.287361442083548,0.316326530612245,0.303588143525741,0.351849095914875,0.284439913342679
"11","Barrow-in-Furness",0.0682762314183566,0.113422206782752,0.0999464443382981,69087,0.0275594540217407,0.0231157815507983,0.0178760114059085,0.0685512469784475,0.281644882539407,0.243396032480214,0.403646385414458,0.203802960694232,0.178855901520637
"12","Basildon",0.0741502719244457,0.122294366092254,0.104162249207723,174497,0.0194444603632154,0.0506140506713582,0.02639013851241,0.0964486495469836,0.300606887224422,0.320846439805548,0.262230466032924,0.413870665417057,0.253356073943662
"13","Bassetlaw",0.0649991582715327,0.114377608250711,0.101158041164952,112863,0.0185091659799934,0.0360880004961768,0.0170029150385866,0.0716000815147568,0.280534807687196,0.255227086096899,0.284760087241003,0.315516306452862,0.168082683717264
"14","Bath and North East Somerset",0.0715389510044541,0.120494727752023,0.102865648577402,176016,0.0204867739296428,0.0343548313789655,0.0213332878829197,0.076174893191528,0.294899327333879,0.258308127998151,0.286372299872935,0.285114809750578,0.207389815530763
"15","Bedford",0.0713364956597388,0.128671124403889,0.106617390255209,157479,0.0227141396630662,0.0342585360587761,0.0248604575848208,0.0818331333066631,0.306625010318836,0.26688342618096,0.318408403062133,0.266248827912945,0.233174508636093
"16","Bexley",0.0709319517062721,0.129148221744247,0.104841872955254,231997,0.0266770691000315,0.0555826152924391,0.0350866606033699,0.11734634499584,0.304922046405772,0.384840474406638,0.376093825960136,0.430378479407249,0.334662664967315
"17","Birmingham",0.081560419180929,0.145336868444473,0.109319739619494,1073045,0.0217493208579323,0.0510919858906197,0.0260958300910027,0.0989371368395547,0.336217027244897,0.2942656939486,0.266665143170548,0.351541810673729,0.238711052384809
"18","Blaby",0.0662301016876963,0.11855401160624,0.103359420752808,93915,0.0242346802960124,0.0507160730447745,0.020784752169515,0.0957355055103019,0.288143534046744,0.332249362551273,0.365916398713826,0.427788755164361,0.201091995467189
"19","Blackburn with Darwen",0.0797279797137414,0.137474659127121,0.110001423834998,147489,0.0350263409474605,0.0359687841127135,0.0164893653085993,0.0874844903687733,0.327204062675861,0.267369817028948,0.43932307168977,0.26163937660288,0.149901380670611
"20","Blackpool",0.0725161017843945,0.117136522014571,0.101453559990145,142065,0.0323795445746665,0.0314081582374265,0.0160912258473234,0.0798789286594165,0.291106183789111,0.274397910823097,0.44651523975927,0.268132924704044,0.158606813293554
"21","Blaenau Gwent",0.0707737703039505,0.117240095109863,0.0995788810267282,69814,0.0133640817028103,0.0286761967513679,0.0143237746010829,0.0563640530552611,0.287592746440542,0.195985655941827,0.18882817243473,0.244593769089798,0.143843498273878
"22","Bolsover",0.0649434529301663,0.113529117127567,0.0997811931563546,75866,0.0286821501067672,0.032227875464635,0.0230406242585611,0.0839506498299634,0.278253763214088,0.301705352913311,0.441648061700832,0.283873214907698,0.230911492734478
"23","Bolton",0.0738151496101681,0.127333029849776,0.105832664946927,276786,0.0321620313166128,0.0420686017356369,0.0162941767285918,0.0905248097808415,0.30698084440687,0.29488748705395,0.43571044001762,0.330382476449892,0.153961697333834
"24","Boston",0.0621470674690967,0.114593808499776,0.100669894951808,64637,0.0124851091480112,0.0268422111174714,0.020793044231632,0.0601203644971147,0.27741077092068,0.216719647537784,0.200896191187453,0.23423788308357,0.206546795758414
"25","Bournemouth",0.0716874397109395,0.123085055942798,0.103683559411633,183491,0.0216413884059709,0.040437950635181,0.0348300461603021,0.096909385201454,0.298456055065371,0.324702359214082,0.301885358065987,0.328536639362409,0.33592641261498
"26","Bracknell Forest",0.0725586325692328,0.127944878759772,0.107539419636942,113205,0.0164922044079325,0.0354489642683627,0.0180469060553862,0.0699880747316815,0.308042930965947,0.227202339986235,0.227294862429998,0.277064346865507,0.16781665845244
"27","Bradford",0.0766520177930221,0.13953817766991,0.106566727661106,522452,0.0332719560840039,0.0527799683033082,0.0331092617120807,0.119161186099393,0.322756923124038,0.369197924388436,0.434064973655954,0.378247510356369,0.310690423162584
"28","Braintree",0.0682399173261538,0.116980772891681,0.103723042615104,147084,0.018452041010579,0.0493799461532186,0.0264610698648391,0.0942930570286367,0.288943732832939,0.326337090284477,0.270399521769453,0.422120190631175,0.25511274252753
"29","Breckland",0.061483167421508,0.114199446705137,0.101095094680859,130491,0.00745645293545149,0.0325309791479872,0.0203079139557517,0.0602953460391904,0.276777708807504,0.217847551014758,0.12127633054967,0.284861092470809,0.200879320800485
"30","Brent",0.0735697186832254,0.156354931478239,0.109464518098421,311215,0.0258085246533747,0.063544494963289,0.0346641389393185,0.124017158555982,0.339389168259885,0.365412836219384,0.350803633822502,0.406411837237978,0.316670091290692
"31","Brentwood",0.0649175962283121,0.116479395660385,0.101588293637315,73601,0.0165079278814147,0.0490618333990027,0.025774106330077,0.0913438676104944,0.282985285526012,0.322786633378145,0.254290498116367,0.421206112212761,0.253711381570148
"32","Bridgend",0.0675250398769921,0.118043081521505,0.101632441908922,139178,0.0281150756585092,0.0371107502622541,0.0255212749141387,0.0907471008349021,0.287200563307419,0.315971179825878,0.416365184081719,0.314383103049486,0.251113467656416
"33","Brighton and Hove",0.0807809224893825,0.132922899085119,0.107181136120043,273369,0.0171672720754731,0.0433626343879518,0.0190621467686534,0.0795920532320783,0.320884957694545,0.248039215686275,0.212516415342118,0.326223959050004,0.177849829351536
"34","Bristol, City of",0.0816072521098278,0.136689286698394,0.110168739520916,428234,0.0230668279492053,0.0377947570720681,0.0220907260983481,0.0829523111196215,0.328465278329138,0.252545144319636,0.282656594271325,0.276501238575211,0.200517190215779
"35","Broadland",0.0594644031898336,0.110103814001252,0.0987757328755034,124646,0.00693163037722831,0.0317459044012644,0.0197519374869631,0.0584294722654558,0.268343950066589,0.217740971059555,0.116567728008635,0.288327018361994,0.19996751137102
"36","Bromley",0.0686055230904484,0.124120856389305,0.103874696178311,309392,0.0251784144386409,0.0533142421264933,0.0343512437296375,0.112843900294772,0.296601075658065,0.380456814070571,0.36700273249788,0.429534920056247,0.330698861161242
"37","Broxbourne",0.0695232296039911,0.124357700648442,0.105844523496672,93609,0.030317597666891,0.0284801675052612,0.0169962289950753,0.0757939941672275,0.299725453749105,0.252878069643939,0.436078672403196,0.229018125590585,0.160577311263625
"38","Burnley",0.0727093120757188,0.125363259398799,0.104986273676472,87059,0.0312431799124732,0.0330350681721591,0.0165519934756889,0.0808302415603212,0.30305884515099,0.266714675560946,0.429699842022117,0.26351475169507,0.157658643326039
"39","Bury",0.0709013292986059,0.123776072625095,0.102815303144926,185060,0.0307846103966281,0.0409758997082027,0.0157678590727332,0.087528369177564,0.297492705068626,0.294220220147491,0.434189467266214,0.331048633545796,0.153361013296894
"40","Caerphilly",0.0715580014093487,0.117317092267597,0.104414840665302,178806,0.0133272932675637,0.0289363891592005,0.0150777938100511,0.0573414762368153,0.293289934342248,0.195511231455703,0.186244626807347,0.246651094055394,0.144402785216926
"41","Calderdale",0.0707858663762229,0.123458243796179,0.104785454260006,203826,0.0306535966952204,0.047830011872872,0.032979109632726,0.111462718200818,0.299029564432408,0.372748154224774,0.433046853340726,0.387418534414243,0.314729843618316
"42","Cambridge",0.0832102174106098,0.142693372730429,0.109964720224111,123867,0.0221124270386786,0.0390741682611188,0.0205785237391719,0.0817651190389692,0.33586831036515,0.243443982405115,0.265741728922092,0.273833097595474,0.187137508259305
"43","Camden",0.0795051239459376,0.146765424030353,0.109318410805217,220338,0.0279525093265801,0.0602483457233886,0.0357178516642613,0.12391870671423,0.335588958781508,0.369257400971018,0.351581230734102,0.410507761766343,0.326732262216133
"44","Cannock Chase",0.073197759126634,0.120970224292545,0.104420184276949,97462,0.0173913935687755,0.0139951981285014,0.0118507726088116,0.0432373643060885,0.298588167696128,0.14480602041167,0.237594617325484,0.115691263782867,0.113491205659821
"45","Canterbury",0.0741407257931126,0.12384134440438,0.103417248337689,151145,0.0314664725925436,0.0349465744814582,0.0201726818617884,0.0865857289357901,0.301399318535181,0.287279113159917,0.424415491700875,0.282188267977348,0.195061096538929
"46","Cardiff",0.0830362044554885,0.134950446415672,0.107339131439799,346090,0.0334970672368459,0.0408304198329914,0.0267531566933457,0.101080643763183,0.32532578231096,0.310705911610061,0.403403159579651,0.302558612568248,0.249239548843845
"47","Carlisle",0.0689799486626242,0.116848331535285,0.101437818533537,107524,0.0272869312897586,0.023380826606153,0.017661173319445,0.0683289312153566,0.287266098731446,0.237859362859363,0.395577726843737,0.200095510983763,0.174108370771064
"48","Carmarthenshire",0.0643551695805242,0.114094799675694,0.100170315110161,183777,0.00608345984535606,0.0259880180871382,0.0172926971274969,0.0493641750599912,0.278620284366379,0.177173658307945,0.0945294664750148,0.227775658145746,0.172632951273833
"49","Castle Point",0.0616627467021168,0.109168172160298,0.0999761393462181,88011,0.0165092999738669,0.0452443444569429,0.0256899705718603,0.0874436150026701,0.270807058208633,0.322900058739616,0.267735397088631,0.414446294754371,0.256961018297534
"50","Central Bedfordshire",0.067501110538916,0.11964730070249,0.106084967037633,254381,0.0228712050035183,0.0321564896749364,0.0247070339372831,0.0797347286157378,0.293233378279038,0.271915595297146,0.338827092190321,0.268760678144303,0.232898539983695
"51","Ceredigion",0.070954400569005,0.120505255393694,0.101472563947209,75922,0.00659887779563236,0.0269355391059245,0.0177945786465056,0.0513289955480625,0.292932219909908,0.175224820143885,0.093001670688695,0.223521696360258,0.175363447559709
"52","Charnwood",0.0716736905478627,0.125261890427453,0.104611679711017,166100,0.0255689343768814,0.0517760385310054,0.0223720650210716,0.0997170379289585,0.301547260686334,0.330684608780722,0.356740865182696,0.413342305104297,0.213858195211786
"53","Chelmsford",0.068480779513992,0.11937496286614,0.103059830075456,168310,0.0187332897629374,0.0500089121264334,0.0264630740894777,0.0952052759788485,0.290915572455588,0.32726084470223,0.273555439875065,0.418922954409715,0.256773895999078
"54","Cheltenham",0.072711091141603,0.123967442021221,0.105303632530329,115732,0.0172381018214496,0.0363166626343621,0.0193118584315487,0.0728666228873605,0.301982165693153,0.241294457638273,0.237076648841355,0.292953230640552,0.183392139164684
"55","Cherwell",0.0703893760396989,0.122296782924973,0.106204358981589,141868,0.0156201539459216,0.033467730566442,0.0176925028900104,0.066780387402374,0.29889051794626,0.223427587670684,0.221910674944923,0.273659942363112,0.166589234751444
"56","Cheshire East",0.0648885382584897,0.116346551318872,0.100668149040735,370127,0.0206631777741154,0.0389974252081042,0.0201363315834835,0.0797969345657031,0.281903238618096,0.28306497987349,0.318441104217846,0.335183336042542,0.200026838432636
"57","Cheshire West and Chester",0.0662756971918157,0.115755685541613,0.10259156331157,329608,0.0207701269386665,0.0393649425984806,0.0208004660081066,0.0809355355452538,0.284622946044999,0.284360543202507,0.313389791714351,0.340069193269382,0.202750258760905
"58","Chesterfield",0.0694492619570663,0.114849500905692,0.102237252861602,103788,0.0306490153004201,0.0333757274444059,0.0231047905345512,0.0871295332793772,0.286536015724361,0.304078819059148,0.441315205327414,0.290604026845638,0.225991895203091
"59","Chichester",0.0607677030423397,0.110084890240259,0.098766191539097,113794,0.0135156510888096,0.036864861064731,0.0173734994815192,0.0677540116350598,0.269618784821695,0.251295590104625,0.222415039768619,0.334876666400575,0.175905329655663
"60","Chiltern",0.0607329842931937,0.118108706212555,0.103578561019053,92635,0.0132347384897717,0.0329357154423274,0.0169266475954013,0.0630971015275004,0.282420251524802,0.223415641006039,0.217916814788482,0.27885933644091,0.163418447107869
"61","Chorley",0.0685642293873361,0.117101395175213,0.102244412299939,107155,0.0303112313937754,0.0322990061126406,0.0154075871401241,0.0780178246465401,0.287910036862489,0.270979870992837,0.442085204845515,0.275820847943895,0.150693683826214
"62","City of London",0.0690169491525424,0.130169491525424,0.109423728813559,7375,0.0227796610169492,0.0541016949152542,0.0355254237288136,0.112406779661017,0.308610169491525,0.364235500878735,0.330058939096267,0.415625,0.324659231722429
"63","City of York",0.072400543294404,0.124159938601673,0.105917162751009,198051,0.0132794078292965,0.0449328708262013,0.0209239034390132,0.079136182094511,0.302477644647086,0.261626548258939,0.183415858846503,0.361895079300529,0.197549697287505
"64","Colchester",0.0737719125923016,0.12464610513422,0.104030645850908,173074,0.0194656620867375,0.0515502039590002,0.0267226735384864,0.0977385395842241,0.302448663577429,0.323157452336377,0.263862781954887,0.413572521207064,0.256873090808109
"65","Conwy",0.0626930954281945,0.110997327038567,0.0978321241364946,115228,0.0145624327420419,0.035208456277988,0.0308952685111258,0.0806661575311556,0.271522546603256,0.297088247514942,0.232281284606866,0.317200938232995,0.315798811319081
"66","Copeland",0.065677095874113,0.114726003144342,0.103168420605357,70603,0.026344489610923,0.0229452006288685,0.0183419967990029,0.0676316870387944,0.283571519623812,0.238499575445782,0.401121414707785,0.2,0.1777869302581
"67","Corby",0.0778875193861726,0.123385846053383,0.106244388213207,61255,0.030593420945229,0.0250265284466574,0.0187086768427067,0.0743286262345931,0.307517753652763,0.241705154748633,0.392789771536366,0.202831436888066,0.176090964966195
"68","Cornwall",0.0625167911954955,0.110864161811702,0.100673902302014,532273,0.00947821888391859,0.0542841737228828,0.00935610109849645,0.0731184937052978,0.274054855309212,0.266802402105956,0.151610770525304,0.489645822741908,0.0929347217556824
"69","Cotswold",0.061377155198417,0.10953053172621,0.0993713878934858,82881,0.0151059953427203,0.0333248874892919,0.0177724689615231,0.0662033517935353,0.270279074818113,0.244944422124012,0.246117554550816,0.304252037893809,0.178848955803788
"70","County Durham",0.0688603037163755,0.11575241309168,0.102068809645352,513242,0.0156144664700083,0.0552020294519934,0.0177947245159204,0.0886112204379221,0.286681526453408,0.309092886221685,0.226755701431724,0.476897439781851,0.174340472645363
"71","Coventry",0.0755584300858152,0.138093134780414,0.106814740030288,316960,0.0204568399798082,0.0485802624936901,0.0255899798081777,0.0946270822816759,0.320466304896517,0.295279350233817,0.270741993402647,0.351793465844185,0.239573487712665
"72","Crawley",0.0745142921470585,0.13315571732788,0.109383941386718,106597,0.0158353424580429,0.0433689503456945,0.0185183447939435,0.077722637597681,0.317053950861656,0.245140101192414,0.212514163414327,0.325701000422714,0.169296740994854
"73","Croydon",0.0732735608649946,0.144114393276423,0.108000484344126,363378,0.0265591202549411,0.0599540973861929,0.0348342497344363,0.12134746737557,0.325388438485544,0.372931097184516,0.362465259520769,0.416017415215399,0.322537902917569
"74","Cwm Taf",0.0730802286400284,0.118057923959456,0.104456843512544,293212,0.0296645430609934,0.0365060093038484,0.0262335784347162,0.092404130799558,0.295594996112028,0.312603839763707,0.405917491133097,0.309221169401433,0.25114274520047
"75","Dacorum",0.0691143068203,0.121983886445698,0.103426374036052,144847,0.0306323223815474,0.0276084420112256,0.0167141880743129,0.074954952467086,0.29452456730205,0.254494737582335,0.443212466287084,0.226328598109684,0.161604699285762
"76","Darlington",0.0725815618961009,0.119680951839642,0.102023417074003,105564,0.0162555416619302,0.0570649084915312,0.0173165094160888,0.0906369595695502,0.294285930809746,0.307989441833516,0.223962411902897,0.476808611682761,0.169730733519034
"77","Dartford and Gravesham",0.074922771680438,0.127925258055604,0.105010422683778,199085,0.0331365999447472,0.0350804932566492,0.020081874576186,0.0882989677775824,0.307858452419821,0.286816772719856,0.442276749798874,0.27422648028899,0.19123696546446
"78","Daventry and South Northamptonshire",0.0663673389273271,0.113812012365671,0.104997791844546,163032,0.0259642278816429,0.0240627606850189,0.0191066784434958,0.0691336670101575,0.285177143137544,0.242423590648055,0.391219963031423,0.211425491781191,0.181972193013202
"79","Denbighshire",0.0641282778927604,0.111880427592976,0.100422472101905,93734,0.0147865235666887,0.036368873621098,0.0321441526020441,0.0832995497898308,0.276431177587642,0.301339199567751,0.230577274995841,0.325069133212549,0.320089238287475
"80","Derby",0.0757662249951759,0.131805975429343,0.10649562616582,248752,0.032502251238181,0.0372298514182801,0.0237063420595613,0.0934384447160224,0.314067826590339,0.2975104,0.428980739640261,0.28245951139171,0.222603903212412
"81","Derbyshire Dales",0.0556836717475674,0.104997468924011,0.100089993812925,71116,0.0245795601552393,0.0314697114573373,0.0219500534338264,0.0779993250464031,0.260771134484504,0.299110272310596,0.441414141414141,0.299718762555243,0.219303175049171
"82","Doncaster",0.070270699267862,0.119232015661272,0.104910020436373,302402,0.0218252524784889,0.0413522397338642,0.0293185891627701,0.0924960813751232,0.294412735365507,0.314171468364952,0.310588235294118,0.346821610827601,0.27946414499606
"83","Dorset",0.0580060788801298,0.106443370751141,0.0990615274699991,412905,0.0177619549290999,0.0364296872161877,0.0328622806698877,0.0870539228151754,0.26351097710127,0.330361656173889,0.306208509039289,0.342244772587654,0.331736058479818
"84","Dover",0.0685746010709744,0.113768648029085,0.100479968479682,111674,0.030168168060605,0.0311889965435106,0.0190106918351631,0.0803678564392786,0.282823217579741,0.284162867274569,0.439932097153304,0.274144037780401,0.189198823634257
"85","Dudley",0.0669968842374371,0.119114803866741,0.102653990572821,312925,0.0187968363026284,0.0432595669888951,0.0250762962371175,0.087132699528641,0.288765678676999,0.301741882649786,0.280562842833294,0.363175403766701,0.244279799520593
"86","Ealing",0.0743332082529421,0.150846951830261,0.109044494148306,338449,0.0265741662702505,0.0621452567447385,0.034717195205186,0.123436618220175,0.334224654231509,0.369322300606446,0.357500596231815,0.411975555294394,0.318376415758955
"87","East and Mid Devon",0.0578905555000547,0.1066472572274,0.0982079569186564,210207,0.00881036311825962,0.0522389834781905,0.00890075021288539,0.0699500968093356,0.262745769646111,0.266227299885934,0.152189990960638,0.489829601213311,0.0906316605309049
"88","East Cambridgeshire",0.0660001431673388,0.118542556491446,0.106003483738576,83818,0.0174306234937603,0.0333460593190007,0.0189577417738433,0.0697344245866043,0.290546183397361,0.240011497556769,0.26409978308026,0.281300322061192,0.178840742824986
"89","East Hampshire",0.0634471662860702,0.115761884990658,0.101377067330981,115608,0.0158293543699398,0.0385613452356238,0.0213999031208913,0.0757906027264549,0.280586118607709,0.270115296874037,0.249488752556237,0.333109168347904,0.211092150170648
"90","East Hertfordshire",0.0683506794395985,0.1197280789036,0.103590026654659,137687,0.0294653816264426,0.0284558455046591,0.0167844458808747,0.0747056730119764,0.291668784997857,0.25613187579372,0.431091276166189,0.237670609645132,0.162027623922036
"91","East Lindsey",0.0559013496968497,0.103672260467299,0.0989288934831856,136401,0.0122286493500781,0.0246479131384667,0.0207183231794488,0.0575948856679936,0.258502503647334,0.222802041973908,0.218754098360656,0.237748391202885,0.20942641173855
"92","East Northamptonshire",0.0697285771912638,0.118238921223996,0.0999250849997119,86765,0.0271653316429436,0.0243531377859736,0.0181179046850689,0.0696363741139861,0.287892583414971,0.241883181872773,0.389586776859504,0.205965493712838,0.181314878892734
"93","East Riding of Yorkshire",0.0603957759164998,0.111147020010234,0.100377342681617,334179,0.0246364972065869,0.0357383318520912,0.017149491739457,0.0775243207981351,0.271920138608351,0.285099592824915,0.407917554377446,0.321541070995881,0.17085022656809
"94","East Staffordshire",0.0677478143736299,0.120387734079924,0.104936478170149,113583,0.016102761856968,0.014993440919856,0.0114981995545108,0.0425944023313348,0.293072026623702,0.145337659216534,0.237686809616634,0.124542928184876,0.109572950750902
"95","Eastbourne",0.0681607854182594,0.116313925884199,0.100712187663461,99412,0.014143161791333,0.0375407395485454,0.0182975898281898,0.0699814911680682,0.28518689896592,0.245388169729463,0.207497048406139,0.322753610654674,0.181681981622054
"96","Eastleigh",0.0690660468534094,0.119857187357727,0.102804335497887,125199,0.0170448645755957,0.039888497511961,0.0219730189538255,0.0789063810413821,0.291727569709023,0.270479684590954,0.246790794495201,0.332800213248034,0.213736306425297
"97","Eden",0.0606879232935089,0.107697283311772,0.0977475078000152,52564,0.0249219998478046,0.0215356517768815,0.0175785708850164,0.0640362225097025,0.266132714405296,0.240617628136393,0.410658307210031,0.199964670552906,0.17983651226158
"98","Elmbridge",0.0635186246418338,0.124355300859599,0.107553008595989,130875,0.0276905444126074,0.0379293218720153,0.0165195797516714,0.0821394460362942,0.295426934097421,0.278036416304573,0.435943702634428,0.305007680491551,0.15359477124183
"99","Enfield",0.0745073063949358,0.144758149686686,0.105755506199074,312466,0.0265468883014472,0.0603809694494761,0.0340933093520575,0.121021167102981,0.325020962280696,0.372348805608618,0.356299128044328,0.417116200919703,0.322378574670903
"100","Epping Forest",0.0658596651665744,0.120119686504785,0.100995515767012,124659,0.0171588092315838,0.0498078758854154,0.0261673846252577,0.0931340697422569,0.286974867438372,0.324537373511489,0.260535931790499,0.414652063576867,0.259094519459889
"101","Epsom and Ewell",0.0661633511757343,0.123139197358259,0.103898697771031,75102,0.0288540917685281,0.0375356182258795,0.0154989214668051,0.0818886314612128,0.293201246305025,0.279291553133515,0.436103843831757,0.304822664359862,0.149173394848135
"102","Erewash",0.0703062963392546,0.117308018308188,0.10149802375068,112081,0.0315307679267672,0.0343323132377477,0.0229833780926294,0.0888464592571444,0.289112338398123,0.307307739785212,0.448477157360406,0.292668086400974,0.226441631504923
"103","Exeter",0.0802475949496064,0.12961374848225,0.106594890170073,117773,0.0123118201964797,0.0621110101636198,0.00944189245412786,0.0838647228142274,0.316456233601929,0.265012074054199,0.153422918209713,0.479200786112021,0.0885773458658595
"104","Fareham",0.06214319642233,0.113639418897483,0.100294853066382,111581,0.0157464084387127,0.0378290210698954,0.0215269624756903,0.0751023919842984,0.276077468386195,0.272033760753124,0.253389097202192,0.33288643533123,0.214636761683496
"105","Fenland",0.0623648464235477,0.113035628057358,0.100323318846969,95262,0.0170267262917008,0.0325103399046839,0.0188532678297747,0.0683903340261594,0.275723793327875,0.248039290337318,0.273018010435954,0.287611441307578,0.187925081092393
"106","Flintshire",0.0699513461765439,0.117182274795746,0.102317285877277,152506,0.016163298493174,0.0370149371172282,0.0321561118906797,0.0853343475010819,0.289450906849567,0.294814579888091,0.231064866891639,0.315874881092272,0.31427839015637
"107","Forest of Dean",0.0636156220641525,0.113309988897158,0.100621027073852,81961,0.015055941240346,0.0339917765766645,0.0181305742975318,0.0671782921145423,0.277546638035163,0.242043256550026,0.236670502493287,0.299989232260149,0.180186734570147
"108","Fylde",0.0589912483334873,0.107950420423195,0.102274377285267,75757,0.0261361986351096,0.0301226289319799,0.0166453265044814,0.0729041540715709,0.26921604604195,0.270801667075264,0.443052136943388,0.27904133039863,0.162751677852349
"109","Gateshead",0.0707343142837164,0.121220294285115,0.101541350754692,200214,0.00585373650194292,0.0163175402319518,0.0260770975056689,0.0482483742395637,0.293495959323524,0.164391953983867,0.0827566727863296,0.134610630407911,0.256812592228234
"110","Gloucester",0.0755045690618631,0.126002563933995,0.105244559857998,121688,0.0174626914732759,0.0368565511800671,0.0192788113864966,0.0735980540398396,0.306751692853856,0.239927132447492,0.231279930343927,0.292506358833888,0.183181072850785
"111","Gosport",0.070247633802135,0.120621626201254,0.105177797681005,82622,0.0164847135145603,0.038851637578369,0.0217738616833289,0.0771102127762581,0.296047057684394,0.260466067048242,0.234665747760165,0.322095123419627,0.207019562715765
"112","Great Yarmouth",0.0700987900531472,0.113027745510244,0.100989956515929,97277,0.00835757681671927,0.0321144772145523,0.0212177595937375,0.061689813625009,0.28411649207932,0.217128591070266,0.11922569291685,0.284129149613461,0.210097719869707
"113","Greenwich",0.0811016786024348,0.150367108349014,0.110120719524507,254557,0.0290936803937821,0.0622453910126219,0.0361569314534662,0.12749600285987,0.341589506475956,0.373243324056398,0.358730927585372,0.413956161663662,0.32833904109589
"114","Guildford",0.0686163737489339,0.125168570449691,0.105967940634044,137183,0.030011007194769,0.0380513620492335,0.0162119213022022,0.0842742905462047,0.299752884832669,0.281145886529997,0.437373844682885,0.304000931803622,0.152988924812547
"115","Gwynedd",0.0689810788191083,0.115660436188194,0.101777245351757,121874,0.016582700165745,0.035356187537949,0.0328946288790062,0.0848335165827002,0.286418760359059,0.296187011201192,0.240394909004401,0.305689557321226,0.323202192841019
"116","Hackney",0.0911844723271206,0.163710561578755,0.111552361229545,246270,0.032886669103017,0.0667681812644658,0.0360173792991432,0.135672229666626,0.36644739513542,0.370236578203779,0.360660847880299,0.40784284544981,0.322874199184624
"117","Halton",0.0745948181254275,0.121649992842715,0.106070968460229,125746,0.0227681198606715,0.0412736786856043,0.0217820049941946,0.0858238035404705,0.302315779428371,0.283887938971459,0.305223880597015,0.33928221219847,0.205353126405758
"118","Hammersmith and Fulham",0.0820031453261221,0.152520918610577,0.111050834826541,182493,0.0290312505137183,0.0633832530562816,0.0364507131780397,0.12886521674804,0.34557489876324,0.372900975184334,0.354026060808553,0.415570884529712,0.328234481397414
"119","Harborough",0.0655993066454288,0.115211637113209,0.100887774940854,85382,0.0247241807406713,0.0482420182239816,0.0203672905296198,0.0933334894942728,0.281698718699492,0.33132379843672,0.376896982681664,0.418725221103995,0.201880659391688
"120","Haringey",0.0784659077536226,0.153923099252332,0.111361728501604,254926,0.0274864078203086,0.0627829252410503,0.0361085177659399,0.126377850827299,0.343750735507559,0.367643870319864,0.350297455381693,0.407885012360152,0.324245306280602
"121","Harlow",0.0740017572976667,0.126513228546324,0.10634091574734,81944,0.0191472224934101,0.0528897783852387,0.0275676071463438,0.0996046080249927,0.306855901591331,0.324597335454365,0.258740105540897,0.418057297193016,0.259238007803535
"122","Harrow",0.0656415233250786,0.146409209557593,0.105602871293755,239056,0.0235927983401379,0.0602201994511746,0.0333729335385851,0.117185931329898,0.317653604176427,0.368911071019398,0.359418812133571,0.411314285714286,0.316022974846504
"123","Hartlepool",0.0724888077541618,0.117942365367062,0.101306124223063,92028,0.0273177728517408,0.0291107054374755,0.0290998391793802,0.0855283174685965,0.291737297344286,0.2931689511323,0.376855044221256,0.246821448313986,0.287246594443849
"124","Hastings",0.0757639550601635,0.119307731513285,0.10337491967115,90254,0.015844173111441,0.039122919759789,0.017838544552042,0.0728056374232721,0.298446606244599,0.243948618948619,0.209125475285171,0.327916047548291,0.172561629153269
"125","Havant",0.0691723840774253,0.115856285837394,0.102457658015976,120684,0.017732259454443,0.0378260581352955,0.0214112889861125,0.076969606575851,0.287486327930794,0.267733102752558,0.256348826066124,0.326491202975254,0.208976951071573
"126","Havering",0.0687470493019492,0.119646590679166,0.106322081338099,237232,0.0257047953058609,0.0507857287381129,0.0356865852836042,0.112177109327578,0.294715721319215,0.380628182390297,0.373903979397878,0.424464487034949,0.335646037346866
"127","Herefordshire, County of",0.0616698550772031,0.1110656921576,0.101189794906174,183477,0.0175008311668493,0.0390021637589453,0.0210053576197562,0.0775083525455507,0.273925342140977,0.282954296742872,0.283782589482987,0.351163018941996,0.207583755251535
"128","Hertsmere",0.0680988893443033,0.127000629804761,0.10591716567864,100031,0.0300306904859494,0.0293109136167788,0.0173146324639362,0.0766562365666643,0.301016684827703,0.25465776626482,0.440986494421609,0.230793450881612,0.163473336479471
"129","High Peak",0.0658363772389209,0.116236852528275,0.102385248426704,90892,0.0285283633323065,0.0342714430312899,0.0228953043172116,0.085695110680808,0.2844584781939,0.301257010249468,0.433322192513369,0.294841457643161,0.223619170427681
"130","Hillingdon",0.0732689387302144,0.142204748554407,0.109346708720285,273936,0.0267799778050348,0.0586012791308919,0.0357017697564395,0.121083026692366,0.324820396004906,0.37276916160935,0.365502466244831,0.412090874085483,0.326500634305936
"131","Hinckley and Bosworth",0.0652277355868974,0.116066160376102,0.103256628409372,105078,0.023630065284836,0.0493157463979139,0.0219551190544167,0.0949009307371667,0.284550524372371,0.333511705685619,0.36227020717829,0.424893407674647,0.212626728110599
"132","Horsham",0.0599919269464817,0.115063860899765,0.103510255062795,131301,0.0129092695409784,0.0387735051522837,0.0182938439158879,0.06997661860915,0.278566042909041,0.251202974628171,0.215183445474165,0.336973788721207,0.176734603781914
"133","Hounslow",0.0708702654386373,0.150454604519663,0.10881369680694,253957,0.0253113716101545,0.0618923676055395,0.0347066629390015,0.121910402154695,0.33013856676524,0.3692704046946,0.357150794532726,0.411369049176895,0.318954910617355
"134","Huntingdonshire",0.0663449512707365,0.120071029095972,0.104478844656299,169508,0.0183059206645114,0.033715222880336,0.0197748778818699,0.0717960214267173,0.290894825023008,0.246810927011296,0.275920327227459,0.280793986144549,0.18927159796725
"135","Hyndburn",0.0722496098298115,0.12370252929373,0.103438452201055,80734,0.0309906606881859,0.0321425917209602,0.0152352168850794,0.0783684692942255,0.299390591324597,0.261759960282984,0.428938796502657,0.259837789125864,0.147287749970063
"136","Ipswich",0.0769582558627721,0.126686858993582,0.107134288970191,133384,0.0227238649313261,0.0514304564265579,0.0331524020872069,0.107306723445091,0.310779403826546,0.345282609220081,0.295275207014126,0.405965202982601,0.309447165850245
"137","Isle of Anglesey",0.0634686241057476,0.11297329070551,0.0984645381428223,69751,0.0147524766670012,0.0358274433341457,0.0317558171209015,0.0823357371220484,0.27490645295408,0.299504563233377,0.232437316467133,0.317131979695431,0.32251019219569
"138","Isle of Wight",0.0593570317867862,0.109702383104907,0.0979857519979749,138265,0.0151592955556359,0.0369218529635121,0.0200339926951868,0.0721151412143348,0.267045166889668,0.270048479267665,0.255391738759595,0.336563818565401,0.204458222615884
"139","Isles of Scilly",0.0417612346799818,0.117566954153427,0.10531093962778,2203,0.00726282342260554,0.0626418520199728,0.0104403086699955,0.0803449841125738,0.264639128461189,0.303602058319039,0.173913043478261,0.532818532818533,0.0991379310344827
"140","Islington",0.0841043056397817,0.153828987265009,0.111640994542147,206125,0.0294966646452395,0.0642522741055185,0.0363080654942389,0.130057004244997,0.349574287446938,0.372043965804374,0.350715274573143,0.417686388293175,0.325221623500782
"141","Kensington and Chelsea",0.0708923472571526,0.140189979136332,0.107400613933904,158649,0.0250300978890507,0.058582153054857,0.0346677256081034,0.118279976552011,0.318482940327389,0.371385595820057,0.353071930292522,0.417876894024549,0.322788896061975
"142","Kettering",0.0731532495319604,0.120513506285103,0.104049211018989,93475,0.0281893554426317,0.0261032361594009,0.0193313720246055,0.0736239636266381,0.297715966836052,0.247295986201445,0.385346592570927,0.216600088770528,0.185790664199054
"143","King's Lynn and West Norfolk",0.0588941411045025,0.108381767502425,0.0982156784287662,147451,0.00652420126007962,0.0310340384263247,0.0198506622539013,0.0574089019403056,0.265491587035693,0.216236237770455,0.110778443113772,0.286340028784181,0.202112967822124
"144","Kingston upon Hull, City of",0.0813280500456308,0.126666302660624,0.107286880962224,256406,0.0326045412353845,0.0400302645023907,0.0183303042830511,0.0909651100208263,0.315281233668479,0.288520534388916,0.400901548937803,0.316029312149763,0.170853175324439
"145","Kingston upon Thames",0.0732287892040485,0.138935399225291,0.106141446957391,160060,0.0268149443958516,0.0586405098088217,0.0348369361489441,0.120292390353617,0.31830563538673,0.377914736594175,0.36618036003754,0.422070330065653,0.328212372711755
"146","Kirklees",0.0725776290187427,0.127856496977214,0.106020006722562,422458,0.0317641043606702,0.0485136984031549,0.0333500608344498,0.113627863598275,0.306454132718519,0.370782611382315,0.437656958351,0.379438664050061,0.314563843800933
"147","Knowsley",0.0756993138807208,0.12031420287471,0.104693165539128,145893,0.0179172407175121,0.0329488049460906,0.0351284845743113,0.0859945302379141,0.300706682294558,0.285974789724419,0.236689605215502,0.273856320856834,0.335537514730915
"148","Lambeth",0.088080610783738,0.158344496281583,0.114545046620431,303086,0.0312089637924549,0.0644668509927875,0.0363494189767921,0.132025233762035,0.360970153685753,0.365751108267447,0.354322744980521,0.407130355059176,0.317337327534061
"149","Lancaster",0.0734598012646793,0.122327009936766,0.103190605239386,138375,0.0320722673893406,0.0329972899728997,0.0166142728093948,0.0816838301716351,0.298977416440831,0.273210703149549,0.43659616330546,0.269746558752289,0.161005672666153
"150","Leeds",0.0794240736674717,0.130693227409729,0.106714039535054,751485,0.03432270770541,0.0500143050094147,0.0338503097200876,0.118187322434912,0.316831340612254,0.373029139751527,0.43214489159937,0.382684749628363,0.317205775993216
"151","Leicester",0.0799844772752767,0.148772582987458,0.109644402268986,329839,0.0273042302456653,0.0603779419656257,0.0220198339189726,0.109702006130264,0.33840146253172,0.324177104051318,0.34136911530589,0.405840516802185,0.200829531314807
"152","Lewes",0.0594962154622469,0.110797727226108,0.102551742528358,97502,0.0129228118397571,0.0361736169514471,0.0183688539722262,0.0674652827634305,0.272845685216713,0.247265346013607,0.217203930356835,0.326483384245117,0.179117911791179
"153","Lewisham",0.0816608369429291,0.15578592529496,0.111470359026406,275885,0.0291425775232434,0.0637367018866557,0.0355727930115809,0.12845207242148,0.348917121264295,0.368144939279667,0.356873363220738,0.409130040252216,0.319123337560563
"154","Lichfield",0.0608718977884634,0.11230552188686,0.10422834661315,100654,0.0154390287519622,0.0136209191885072,0.0114451487273233,0.0405050966677926,0.277405766288473,0.146013895852733,0.253631467275992,0.121284501061571,0.109808407206177
"155","Lincoln",0.0826054885023679,0.130776878587999,0.106423921061353,93541,0.0177569194257064,0.0297409692006714,0.022161405159235,0.0696592937856127,0.31980628815172,0.217817148587665,0.214960528018636,0.227417640807651,0.208237066800603
"156","Liverpool",0.0821864648435406,0.131241490946904,0.108261955554603,466415,0.0184878273640428,0.0351939796104328,0.0375588263670765,0.0912406333415521,0.321689911345047,0.283629141368026,0.224949782172019,0.268161991733782,0.346925438162194
"157","Luton",0.0772486355874233,0.148596709661862,0.10956146869356,203201,0.0250884592103385,0.0386809120033858,0.0249998769691094,0.0887692481828337,0.335406813942845,0.264661433497176,0.324775434796458,0.260307998012916,0.228181287337735
"158","Maidstone",0.0685561063019279,0.118967662092392,0.106894929194356,155143,0.0302752944058063,0.0322863422777695,0.0201491527171706,0.0827107894007464,0.294418697588676,0.28092913282396,0.441613388491914,0.271387549439237,0.18849493487699
"159","Maldon",0.0593876259553132,0.110207856690844,0.0993688036476334,61629,0.0156419867270279,0.0465852115075695,0.0254425676223856,0.0876697658569829,0.26896428629379,0.325953185328185,0.263387978142077,0.422703180212014,0.256041802743305
"160","Manchester",0.0924756572396234,0.153138273239162,0.111144899796672,503127,0.0380718983477333,0.0490015443416871,0.0173475086807108,0.104420951370131,0.356758830275457,0.292693389788016,0.411696434328454,0.319982348665767,0.156080114449213
"161","Mansfield",0.0697068902800911,0.116525951027128,0.104330595600482,104466,0.0197384795052936,0.0370742633967032,0.0173453563838952,0.0741580992858921,0.290563436907702,0.255221717071885,0.283163965943422,0.318163147950382,0.166253784750895
"162","Medway",0.0767377095765843,0.126354077863029,0.107102396514161,263925,0.0333352278109311,0.0346878848157621,0.0204262574595055,0.0884493700861987,0.310194183953775,0.285141935799091,0.434404779538834,0.274529207148854,0.190717090600347
"163","Melton",0.06757185961569,0.114340161981896,0.103918532634588,50376,0.0245751945370811,0.0477806892170875,0.0218159441003653,0.0941718278545339,0.285830554232174,0.329467324119731,0.363689776733255,0.417881944444444,0.209933142311366
"164","Merton",0.0718552978822493,0.143229857831772,0.108456480697871,199693,0.0260049175484369,0.0605329180291748,0.0345330081675372,0.121070843745149,0.323541636411892,0.374204832144129,0.361906753083839,0.422627788266555,0.318404284790839
"165","Mid Sussex",0.0657014157014157,0.116945516945517,0.102523952523953,139860,0.0140783640783641,0.0396396396396396,0.0181038181038181,0.0718218218218218,0.285170885170885,0.251855380603751,0.214277941016433,0.338958180484226,0.176581351558686
"166","Middlesbrough",0.0781218391468948,0.126686992457301,0.10550385804699,138412,0.0281044996098604,0.0310160968702136,0.0301129959830073,0.0892335924630812,0.310312689651186,0.287560243067682,0.359752150189587,0.244824636441403,0.285420803944395
"167","Milton Keynes",0.0756286647831172,0.136700680408808,0.109777711688322,248821,0.0166665996841103,0.0375932899554298,0.0182219346437801,0.0724818242833201,0.322107056880247,0.225024018366252,0.220374109894782,0.275004409948845,0.165989383122826
"168","Mole Valley",0.0613762811127379,0.11601756954612,0.100392386530015,85375,0.0266002928257687,0.0352913616398243,0.014887262079063,0.0767789165446559,0.277786237188873,0.276395682239838,0.433396946564885,0.304189803129732,0.148290747870727
"169","Monmouthshire",0.0590322262737755,0.111045410247145,0.103402209739058,91323,0.0115962024900627,0.0280980694896138,0.0156587059119827,0.0553529778916593,0.273479846259978,0.202402402402402,0.196438508625487,0.253032245340696,0.151434925341523
"170","Neath Port Talbot",0.0674691728893085,0.115226160844563,0.101507738963751,139812,0.0277086373129631,0.0355763453780791,0.0265213286413183,0.0898063113323606,0.284203072697623,0.315993456650308,0.410685889960776,0.308752327746741,0.261273957158963
"171","New Forest",0.0576271378540422,0.108346272851945,0.0990128186238397,176462,0.0145073726921377,0.0358774127007514,0.0206730060862962,0.0710577914791853,0.264986229329827,0.268156544054748,0.25174550103255,0.331136565719964,0.208791208791209
"172","Newark and Sherwood",0.0652864993859794,0.115261677277755,0.102415147582675,114817,0.0184554552026268,0.0368325248003344,0.017410313803705,0.0726982938066663,0.28296332424641,0.256917725999569,0.282684098185699,0.319555689889678,0.16999744876265
"173","Newcastle-under-Lyme",0.0706622211817132,0.116863511233461,0.102614817027391,123871,0.0167028602336301,0.0137078089302581,0.01202056978631,0.0424312389501982,0.290140549442565,0.146243739565943,0.236376099622986,0.117297596021,0.117142632365668
"174","Newcastle upon Tyne",0.0849248867680074,0.134422168843267,0.108231582178409,280177,0.00702413117422201,0.0172569482862619,0.0272470616788673,0.0515281411393512,0.327578637789683,0.15730006537372,0.0827099268723207,0.128378737188678,0.251747790528954
"175","Newham",0.0841244999740246,0.17134981037976,0.114441009922593,307984,0.0295340017663255,0.068925658475765,0.0369597121928412,0.135419372434932,0.369915320276378,0.366082086932097,0.351074916052337,0.402251151156842,0.322958633603813
"176","Newport",0.0735645276390185,0.123957018169841,0.105389196903991,145736,0.0141145633199758,0.0305003568095735,0.0152810561563375,0.0598959762858868,0.302910742712851,0.1977347377959,0.191866430370301,0.246055909216717,0.144996419037698
"177","North Devon",0.0607405432174012,0.108319683059693,0.100358081596892,157506,0.00895203992228867,0.0531090879077622,0.00913615989232156,0.0711972877223725,0.269418307873986,0.264262990455991,0.147381624333647,0.490299513510345,0.0910356171316505
"178","North East Derbyshire",0.0580269230380821,0.110903527463317,0.0993506559082233,99023,0.0257717903921311,0.0321339486785898,0.0224291326257536,0.0803348716964746,0.268281106409622,0.299442896935933,0.444135050469892,0.28974685849572,0.225757267737345
"179","North East Lincolnshire",0.0718599639133921,0.117193765036087,0.101481054530874,159616,0.0291825380914194,0.0376340717722534,0.0175608961507618,0.0843775060144346,0.290534783480353,0.290421356794756,0.406102877070619,0.321126911151502,0.173046055068527
"180","North Hampshire",0.0704488159279036,0.124475738644903,0.106743723751485,352639,0.0171450123213825,0.0407272026066317,0.0222266964232544,0.0800989113512686,0.301668278324292,0.265519834555368,0.243368353258463,0.327189884952728,0.20822485521492
"181","North Hertfordshire",0.0677974101987193,0.121725380367229,0.103151501801532,127114,0.0305001809399437,0.0279591547744544,0.0164025992416256,0.0748619349560237,0.292674292367481,0.255785823723893,0.449872360176375,0.229690428488335,0.159014643075046
"182","North Kesteven",0.0598797394354435,0.110442996863575,0.102509140174081,107766,0.0126106564222482,0.0249614906371212,0.0212033479947293,0.0587754950540987,0.272831876473099,0.215427521937283,0.210599721059972,0.226012434884893,0.206843486919526
"183","North Lincolnshire",0.068422058454666,0.117584176391195,0.102170251902106,167446,0.0283673542515199,0.0375046283577989,0.0169726359542778,0.0828446185635966,0.288176486747967,0.287478758237659,0.414593698175788,0.318959825283153,0.166121112929624
"184","North Norfolk",0.0537246672381009,0.103143873338654,0.0941388585109213,101499,0.00658134562902098,0.0297047261549375,0.0188179193883684,0.0551039911723268,0.251007399087676,0.21953134199474,0.122501375389694,0.287993122552297,0.199895342752486
"185","North Somerset",0.0631152315788434,0.113449443638123,0.102203726192945,202566,0.0182212217252649,0.0323746334528006,0.0207784129617014,0.0713742681397668,0.278768401409911,0.256034284297579,0.288697692608526,0.285366172055176,0.203303869004492
"186","North Tyneside",0.0687297374017062,0.116772326831042,0.104426770783014,200801,0.00568722267319386,0.0156523124884836,0.0266881141030174,0.0480276492646949,0.289928835015762,0.165653234394861,0.0827476269835519,0.134041282838622,0.255567742858505
"187","North Warwickshire",0.0636952946108943,0.112297223207663,0.0999290482794208,62014,0.0242042119521398,0.0418776405327829,0.0175928016254394,0.0836746541103622,0.275921566097978,0.303255215942961,0.38,0.372917863296956,0.176052928836534
"188","North West Leicestershire",0.0636795480806265,0.114327898318141,0.1039821115248,93468,0.0234411777292763,0.0489044378824838,0.0219861342919502,0.0943317499037104,0.281989557923567,0.334522138331373,0.368111559139785,0.427755942354482,0.211441506327812
"189","North Worcestershire",0.0631412557191853,0.116098554886051,0.103046848375425,275826,0.0181636248939549,0.0397932029612872,0.0214156750995193,0.0793725029547613,0.282286658980662,0.281176954098276,0.287666513550758,0.342753645817069,0.207824649051824
"190","North Yorkshire",0.0618691257670762,0.112549634343623,0.101967659130714,598376,0.0115863604155247,0.0409257724240277,0.0194559942243673,0.0719681270639197,0.276386419241413,0.260389520083685,0.187272088814457,0.363624214887077,0.190805539621405
"191","Northampton",0.0782339710188665,0.133131197864846,0.108988112359657,212069,0.0299996699187529,0.0274580443157652,0.020167964200331,0.077625678434849,0.320353281243369,0.242312730912463,0.383460912542945,0.206248007650622,0.185047375935621
"192","Northumberland",0.063738023213133,0.111838191552647,0.099510169984938,316028,0.0053982558507474,0.0147708430898528,0.0256559545356741,0.0458250534762743,0.275086384750718,0.166584229596825,0.0846944347912426,0.13207333635129,0.257822437038921
"193","Norwich",0.0835697899058199,0.130773062062304,0.107975126780971,132512,0.00957649118570394,0.0367664815262014,0.021839531514127,0.0681825042260324,0.322317978749094,0.211538011285149,0.114592739750768,0.281147209879393,0.202264467430808
"194","Nottingham",0.0897932478408793,0.144464799790631,0.110285265637268,305680,0.0245878042397278,0.043453938759487,0.0184801099188694,0.0865218529180843,0.344543313268778,0.251120394986707,0.273826872631886,0.300792572463768,0.167566445182724
"195","Nuneaton and Bedworth",0.0702503752435091,0.121387283236994,0.103806725641108,125252,0.0259237377447067,0.0460431769552582,0.0169099096222016,0.0888768243221665,0.295444384121611,0.300824212944197,0.369019206728037,0.379308076821889,0.162898015689894
"196","Oadby and Wigston",0.0645006231084209,0.126330781555991,0.101673491187467,56170,0.0232152394516646,0.0525191383300694,0.0200640911518604,0.0957984689335944,0.292504895851878,0.327510651247718,0.359922715981231,0.415727170236753,0.197338469620032
"197","Oldham",0.0752299941751113,0.131304552750815,0.106453176342948,224897,0.0324993219118085,0.0428907455412922,0.0167321040298448,0.0921221714829455,0.312987723268874,0.29433158119051,0.431999527158816,0.326650863528615,0.157178062737563
"198","Oxford",0.0869024265005991,0.147005384909089,0.112148302239543,151906,0.0183271233525996,0.0387871446815794,0.0189525101049333,0.0760667781391123,0.34605611364923,0.219810531121595,0.210893114158018,0.263848461779589,0.168995069265086
"199","Pembrokeshire",0.0633539966840631,0.115535082775913,0.0979671509894723,122439,0.00565179395454063,0.026748013296417,0.0161386486331969,0.0485384558841546,0.276856230449448,0.175320077880701,0.0892097460358386,0.231514208963665,0.164735306377657
"200","Pendle",0.0697692617269597,0.129734382685686,0.104301748423736,89452,0.0305415194741314,0.0346219201359388,0.0158073603720431,0.0809707999821133,0.303805392836382,0.26652193111569,0.437750360519148,0.266867729426971,0.151554126473741
"201","Peterborough",0.0753630922883391,0.131671667637817,0.105793684072951,183631,0.020219897511858,0.0357564899172798,0.0192995736014072,0.075275961030545,0.312828443999107,0.24063016798677,0.268299732639642,0.271557963522065,0.182426519792042
"202","Plymouth",0.0771420993509735,0.123116107089366,0.105673520968547,256384,0.0116387918122816,0.0596839116325512,0.0101137356465302,0.081436439091363,0.305931727408887,0.266191544698863,0.15087470927293,0.484777443370822,0.0957073782895951
"203","Poole",0.0643706187138068,0.115743845033696,0.101798232246266,147645,0.0196823461681737,0.0392563242913746,0.0347116394053304,0.0936503098648786,0.281912695993769,0.332196141556351,0.305765993265993,0.339165545087483,0.340984697272122
"204","Portsmouth",0.0823579900124844,0.133943898252185,0.108121683832709,205056,0.0194580992509363,0.0428322019350812,0.0229010611735331,0.0851913623595506,0.324423572097378,0.262593010146561,0.236262434864993,0.319777179057744,0.211808217942357
"205","Powys",0.0587173625315846,0.112441342798701,0.0981530501744676,132976,0.00564763566357839,0.0262302971964866,0.0161758512814342,0.0480537841414992,0.269311755504753,0.178431810566291,0.0961834016393443,0.233279828785447,0.164802329144959
"206","Preston",0.0814610347926563,0.132836906748834,0.106945692643472,140202,0.0351421520377741,0.0354559849360209,0.0162979130112267,0.0868960499850216,0.321243634184962,0.270498900952508,0.431398301374661,0.266913659793814,0.152394291049753
"207","Reading",0.0823902683399915,0.142782823157651,0.10983442304975,155698,0.0174632943261956,0.0380030572004778,0.0183239347968503,0.0737902863235237,0.335007514547393,0.220264570552147,0.211958216401621,0.266159866852593,0.166832348985439
"208","Redbridge",0.0728286195648278,0.151127361365021,0.106979245080116,278970,0.026164103667061,0.0623866365559021,0.03448399469477,0.123034734917733,0.330935226009965,0.37177890187498,0.35925579563912,0.41280834914611,0.322342849483983
"209","Redcar and Cleveland",0.0687764930424554,0.114553511322192,0.102132759271178,135177,0.0255960703374095,0.029635219009151,0.0291025840194708,0.0843338733660312,0.285462763635826,0.295428630662382,0.37216306335377,0.258701969648047,0.284948573084166
"210","Reigate and Banstead",0.0687706315522182,0.121551129974245,0.104022925962201,137835,0.0297964958102079,0.0366742844705626,0.0157362063336598,0.0822069866144303,0.294344687488664,0.279288161494664,0.433273552062454,0.301718992479408,0.151276328637188
"211","Ribble Valley",0.0619967793880837,0.114454246306798,0.103497164461248,57132,0.0280403276622558,0.0311384162990968,0.0153679199047819,0.0745466638661346,0.27994819015613,0.26628735775916,0.452286843591191,0.272059948004282,0.148486385929308
"212","Richmond upon Thames",0.0692817797743195,0.130354564415209,0.107364030162041,186990,0.0253649927803626,0.0561313439221349,0.0353601796887534,0.116856516391251,0.30700037435157,0.380639654391527,0.366113469702817,0.430605128205128,0.32934847579199
"213","Rochdale",0.0753003084568184,0.129532968979542,0.106552227455019,211699,0.032376156713069,0.0427918884831766,0.0166037628897633,0.0917718080860089,0.311385504891379,0.294720873786408,0.429960479267298,0.330355189264095,0.155827459325265
"214","Rochford",0.0634312677848884,0.111085763684609,0.100976142735361,83287,0.0171815529434366,0.0468140285999015,0.0257303060501639,0.089725887593502,0.275493174204858,0.325691871867509,0.270868824531516,0.421422395157804,0.254815695600476
"215","Rossendale",0.0739019152128505,0.120164161101468,0.107454914536201,67982,0.0324350563384425,0.0323615074578565,0.016018946191639,0.080815509987938,0.301520990850519,0.268026148892575,0.438893312101911,0.269310809156568,0.149075975359343
"216","Rother",0.0527994877908774,0.104958714178478,0.0945047909215349,90588,0.0113039254647415,0.0341656731575926,0.0162052368967192,0.0616748355190533,0.252262992890891,0.244486259408367,0.214091574325737,0.325515355490114,0.17147529494218
"217","Rotherham",0.0707439365671642,0.117630597014925,0.104714707711443,257280,0.0218050373134328,0.0404384328358209,0.0285875310945274,0.0908310012437811,0.293089241293532,0.309909025806965,0.308224822811933,0.343774781919112,0.273003971641736
"218","Rugby",0.0689582812890332,0.121948538596053,0.105061204096927,100075,0.0267499375468399,0.0458755933050212,0.0169273045216088,0.0895528353734699,0.295968023982013,0.302576049157635,0.387914794957253,0.376188135037693,0.161118508655127
"219","Runnymede",0.0681778661035896,0.127822630729102,0.101925226679916,80510,0.0295739659669606,0.0388026332132654,0.015923487765495,0.084300086945721,0.297925723512607,0.282956724756108,0.433776644197486,0.303566222913225,0.156227150865221
"220","Rutland",0.0666327704782039,0.115577082608579,0.104873023094008,37369,0.023736251973561,0.0482485482619283,0.0224785249805989,0.0944633252160882,0.287082876180792,0.329045488441462,0.356224899598394,0.417457744848344,0.214340392957387
"221","Salford",0.0783557685320156,0.129366100550158,0.107894140630009,233933,0.0336250122898437,0.0423582820722173,0.0170305172848636,0.0930138116469245,0.315616009712183,0.294705619438462,0.429132569558101,0.327429534414962,0.157844690966719
"222","Sandwell",0.074526963640554,0.133083168053288,0.106338638525237,308063,0.0206191590681127,0.0473344737926982,0.0252188675692959,0.0931725004301068,0.313948770219079,0.296776128044998,0.276667102225707,0.355675886628616,0.237156201349248
"223","Sefton",0.0654881478505424,0.111194711275065,0.101581504072464,273790,0.0155045838051061,0.0308484604989225,0.0344388034625078,0.0807918477665364,0.278264363198072,0.290342057595884,0.23675404350251,0.277427407699382,0.339026319574284
"224","Sevenoaks",0.0636418232616434,0.116003585945184,0.102773885267162,114893,0.0279912614345521,0.0323431366575858,0.0200273297764007,0.0803617278685386,0.282419294473989,0.28454758382643,0.439824945295405,0.278811524609844,0.194867886178862
"225","Sheffield",0.07904678504355,0.131339357117268,0.10640349702731,552698,0.0236024013113852,0.0452000911890399,0.0297522335886868,0.098554726089112,0.316789639188128,0.311104638212566,0.29858774519902,0.344147346089736,0.279617065415158
"226","Shepway",0.0643981142735415,0.115051542572405,0.102103381526179,107969,0.0279154201668998,0.0318887828913855,0.0201354092378368,0.079939612296122,0.281553038372125,0.283923813283332,0.433481950237308,0.2771695379166,0.197206095791001
"227","Shropshire",0.0623266662093431,0.112220665144433,0.102290210989485,306129,0.0175906235606558,0.0391664951703367,0.0213766092072296,0.0781337279382221,0.276837542343261,0.282236748949828,0.282232704402516,0.349013215346102,0.208980008941687
"228","Slough",0.0775863913555151,0.153446738704041,0.112093006668806,140205,0.0165044042651831,0.040126956955886,0.0181305944866446,0.0747619557077137,0.343126136728362,0.217884759291594,0.212722927008641,0.261504136841127,0.161745991346399
"229","Solihull",0.066491189022325,0.117532926251004,0.10000774166078,206674,0.0185703087954944,0.0423468844653899,0.0239604401134153,0.0848776333742996,0.284031856934109,0.298831385642738,0.279289768592636,0.360298052776749,0.239585853210121
"230","Somerset",0.063152392956609,0.112683311571177,0.101735563388254,529972,0.0183273833334591,0.0321696240556105,0.0198821824549221,0.0703791898439918,0.277571267916041,0.253553584174569,0.290208849980579,0.28548703092818,0.195430012797448
"231","South Bucks",0.0635739602494504,0.116709288587794,0.105941645355706,66867,0.0145213633032737,0.0313607609134551,0.0171684089311619,0.0630505331478906,0.28622489419295,0.22028319138931,0.228416843095742,0.268708354689903,0.162055335968379
"232","South Cambridgeshire",0.0676952035225707,0.120143860710564,0.105435111424826,148755,0.0182918221236261,0.0341501126012571,0.0193338039057511,0.0717757386306343,0.293274175657961,0.244739375601705,0.270208540218471,0.284243509400179,0.183371588880388
"233","South Derbyshire",0.0675714240416019,0.121169842830115,0.103645453488495,94611,0.0299753728424813,0.0353235881662809,0.0231157053619558,0.088414666370718,0.292386720360212,0.302389473303691,0.443610198654779,0.291521284019539,0.223026718335713
"234","South Devon and Dartmoor",0.0592687984117311,0.108702900966989,0.0966452419005569,260913,0.00916780689348557,0.0529716802152442,0.00880753354566465,0.0709470206543944,0.264616941279277,0.268112163610556,0.154681841696844,0.487306960016924,0.091132614213198
"235","South Gloucestershire",0.0695330844436326,0.118683091864656,0.104971324405272,262767,0.0199872891192577,0.0345286889145136,0.0207750592730442,0.0752910373068156,0.29318750071356,0.256801661474559,0.287450057468119,0.290931828384532,0.197911757241779
"236","South Holland",0.0591140817944942,0.108768551036592,0.0973603715871757,88270,0.0130282089044976,0.0257052226124391,0.0200294550810015,0.0587628865979381,0.265243004418262,0.221543586896169,0.220390954388655,0.236329549005312,0.205724924365837
"237","South Kesteven",0.0612909976978503,0.114389930337549,0.101668311059288,133788,0.0128486859808055,0.0270801566657697,0.0200316919305169,0.0599605345770921,0.277349239094687,0.216191451517275,0.209634146341463,0.2367354939885,0.197029848551684
"238","South Lakeland",0.0573617086959038,0.107353026298018,0.0989021590229408,103658,0.0237511817708233,0.0224005865442127,0.0169596172027243,0.0631113855177603,0.263616894016863,0.239405694210642,0.41405987218298,0.208662832494608,0.171478735856418
"239","South Norfolk",0.0602038512402026,0.113553527078025,0.0992726510337709,124012,0.00693481276005548,0.0330855078540786,0.0198771086669032,0.0598974292810373,0.273030029351998,0.219380371540802,0.11518885614787,0.291364862945604,0.200227438875802
"240","South Nottinghamshire",0.0655406557955943,0.117695468324959,0.102936027459982,334159,0.0184672566053885,0.0376706897016091,0.0169500148133074,0.073087961120305,0.286172151580535,0.255398579898983,0.281767955801105,0.320069160161713,0.164665523156089
"241","South Oxfordshire",0.0662609770812695,0.116053539107831,0.103115666222245,134257,0.0147031439701468,0.0314397014680799,0.0171238743603685,0.0632667197985952,0.285430182411345,0.221653923436236,0.221897482014388,0.270906873756498,0.16606472117885
"242","South Ribble",0.0686613422338777,0.116682102020045,0.103643049047746,109057,0.030305253216208,0.0318640710820947,0.0156890433443062,0.0778583676426089,0.288986493301668,0.269418707957863,0.441372863247863,0.273084479371316,0.151375740953729
"243","South Staffordshire",0.0586233365084943,0.11212325790014,0.0996014094015592,108131,0.0138628145490192,0.0138350704238378,0.0115508041172282,0.0392486890900852,0.270348003810193,0.145178394280436,0.236472629752327,0.123391619927417,0.115970287836583
"244","South Tyneside",0.0672328474889791,0.116413618043976,0.10193280090733,148127,0.00551553734295571,0.0154327030183559,0.0263017545754656,0.0472499949367772,0.285579266440284,0.165453170062881,0.0820363490310272,0.132567849686848,0.258030333134645
"245","South Warwickshire",0.0668686297373834,0.118322725106825,0.102408448358017,258133,0.0246926971754871,0.0448218554001232,0.0162009506727152,0.0857155032483255,0.287599803202225,0.298037419685071,0.369271768727188,0.378810202010281,0.158199356913183
"246","South Worcester",0.0652228571034948,0.113496795169851,0.102006936623235,290343,0.0185022542303414,0.039542885483721,0.0207237646507751,0.0787689043648375,0.280726588896581,0.280589397229686,0.283677456830543,0.348405304524626,0.20316034709795
"247","Southampton",0.0824081188102093,0.134982818449692,0.108501279117873,236882,0.0198622098766474,0.04321138794843,0.0227834955800778,0.0858570934051553,0.325892216377775,0.263452421047177,0.241022488602018,0.320125097732604,0.209983658859233
"248","Southend-on-Sea",0.0718250814819933,0.119833235439772,0.103582904329199,173658,0.0191871379377858,0.0492634949152933,0.0265176381162976,0.0949682709693766,0.295241221250965,0.321663318445125,0.267137015954462,0.411100432484382,0.256004002668446
"249","Southwark",0.0847257729383973,0.157799800890098,0.111799863328743,288283,0.0297277328180989,0.0645580904874724,0.0363427604125113,0.130628583718083,0.354325437157238,0.368668376637362,0.350870010235415,0.409113890659691,0.32506981073534
"250","Spelthorne",0.0670516119584092,0.120180338500805,0.105975020397916,95598,0.0297495763509697,0.0370928262097533,0.0166949099353543,0.0835373124960773,0.293206970857131,0.284909026043525,0.443681747269891,0.308643049873792,0.157536274800118
"251","St Albans",0.0697975317067622,0.126535574134107,0.108222430756981,140664,0.0305550816129216,0.029069271455383,0.0174884831939942,0.0771128362622988,0.30455553659785,0.253197945845005,0.437767366062335,0.229732007416147,0.161597582605268
"252","St. Helens",0.0706014557236407,0.116412257284322,0.103281082437767,175308,0.0164567504050015,0.0318296940242316,0.0355716795582632,0.0838581239874963,0.29029479544573,0.28887229569079,0.233093641431688,0.273422187377499,0.344416215619132
"253","Stafford",0.0651414773552178,0.113479892105846,0.103049614499996,130869,0.0157485730004814,0.0138535482046932,0.0112478891104845,0.0408500103156592,0.28167098396106,0.14502739948999,0.241759530791789,0.122079321257828,0.109150229868011
"254","Staffordshire Moorlands",0.0616233806355941,0.107408399069059,0.09739871892571,97106,0.0151380965130888,0.0128725310485449,0.0106790517578728,0.0386896793195065,0.266430498630363,0.145214904143476,0.245655080213904,0.119846596356663,0.109642630577289
"255","Stevenage",0.0762533201519826,0.125099753445216,0.109032004478483,83957,0.0325404671438951,0.02965803923437,0.0182712579058327,0.0804697642840978,0.310385078075682,0.259257837983038,0.426741643236489,0.237075121393887,0.167577015512344
"256","Stockport",0.0684140852528462,0.118556173329803,0.102854117024093,283275,0.0291165828258759,0.0399188068131674,0.0162704086135381,0.0853057982525814,0.289824375606743,0.294336175395859,0.425593395252838,0.336707956169605,0.158189181768259
"257","Stockton-on-Tees",0.0724753405354627,0.124575961588644,0.10551119461406,191610,0.0271645529982778,0.0318146234538907,0.029466103021763,0.0884452794739314,0.302562496738166,0.292320695484183,0.374810974292504,0.255383326351068,0.279269921353317
"258","Stoke-on-Trent",0.0752305146822592,0.125144573668316,0.103815941656493,249008,0.0185857482490522,0.0148147850671464,0.0121361562680717,0.0455366895842704,0.304191030007068,0.149697673804557,0.2470506592644,0.118381361915153,0.116900700166338
"259","Stroud",0.0633805939048936,0.113318968956987,0.0984669131664583,112779,0.0156057422037791,0.0331533352840511,0.01849635127107,0.0672554287589001,0.275166476028339,0.244417233267812,0.246222719641858,0.292566510172144,0.187843313822602
"260","Suffolk Coastal",0.0580620766223109,0.108835218587588,0.0988752835926564,124298,0.0174178184685192,0.0451576051102994,0.0306923683406008,0.0932677919194195,0.265772578802555,0.350930830936885,0.299986143827075,0.414917208752218,0.310414971521562
"261","Sunderland",0.0707244125354802,0.11759453514624,0.104335295783032,275506,0.00607972240168998,0.0154007535226093,0.026856039432898,0.0483365153571973,0.292654243464752,0.165165947313588,0.0859635617141391,0.130964874374961,0.257401287180379
"262","Surrey Heath",0.0636492384843982,0.118835902674591,0.100691864784547,86144,0.0279880200594354,0.0362880757800892,0.0153115713224368,0.0795876671619614,0.283177005943536,0.281052717881446,0.439722779500274,0.305362899286901,0.152063638459765
"263","Sutton",0.0703722402785228,0.130857341200972,0.106881028262493,190146,0.0256171573422528,0.0548999190096032,0.0346470606796882,0.115164137031544,0.308110609741988,0.373775304680299,0.364023615574322,0.419540229885057,0.324164739457757
"264","Swale",0.0713512717635366,0.115169139028969,0.104862517024331,135835,0.0310450178525417,0.0319137188500755,0.0201641697647882,0.0831229064674053,0.291382927816837,0.285270338554826,0.43510111432109,0.277103042700077,0.19229149115417
"265","Swansea",0.0742522686101338,0.123586433104764,0.10366366416621,239023,0.0304364015178456,0.0378248118381913,0.0263154591817524,0.0945766725377892,0.301502365881108,0.313684677934116,0.409905341446924,0.306059580230196,0.253854225522641
"266","Swindon",0.0717550536441699,0.127488573122454,0.105562355371111,209156,0.0308477882537436,0.0578754613781101,0.0123591960068083,0.101082445638662,0.304805982137735,0.331628811645125,0.429904051172708,0.453965872867054,0.117079577879433
"267","Tameside",0.073370903321114,0.123214969633966,0.105788696175521,219324,0.031569732450621,0.0409075158213419,0.0169520891466506,0.0894293374186136,0.302374569130601,0.295756808106396,0.43027591349739,0.332001184132623,0.1602448064822
"268","Tamworth",0.0750784372436957,0.119172535898871,0.108666501764024,76813,0.0188379571166339,0.0137737101792665,0.0130707041776783,0.0456823714735787,0.302917474906591,0.150807976620251,0.250910352002774,0.115577889447236,0.120282736312448
"269","Tandridge",0.0670377599460228,0.116761849683125,0.103580809176125,82998,0.0291934745415552,0.0366394370948698,0.0159280946528832,0.0817610062893082,0.287380418805272,0.284504444071776,0.435478073328541,0.313796305850789,0.1537745725253
"270","Telford and Wrekin",0.0735173216675368,0.124123114959704,0.106762441415978,166641,0.0203791383873116,0.0424805420034685,0.0227194988028156,0.0855791791935958,0.304402878043219,0.281137878011276,0.277201861072566,0.342245213691742,0.212804226856276
"271","Tendring",0.0597618219749652,0.106817918405192,0.0963722763096894,138048,0.0159147542883635,0.0454624478442281,0.0254476703755216,0.0868248725081131,0.262952016689847,0.330192837465565,0.26630303030303,0.425606944256069,0.264055923030667
"272","Test Valley",0.0627502190759291,0.117699616831904,0.101908967508033,116398,0.0157820581109641,0.0386690492963797,0.0207907352360006,0.0752418426433444,0.282358803415866,0.266475993427859,0.251506024096386,0.328540145985401,0.204012814027989
"273","Tewkesbury",0.0630804339601918,0.112956567370001,0.103108258179466,81943,0.0149372124525585,0.0332914342896892,0.0170728433179161,0.0653014900601638,0.279145259509659,0.23393372387864,0.236796285548462,0.294727744165946,0.165581725648006
"274","Thanet",0.0685391918680041,0.115734875471361,0.10311806000626,134186,0.0297795597156186,0.0318885725783614,0.0202107522394289,0.0818788845334088,0.287392127345625,0.284903018359091,0.434489507448081,0.275531229877656,0.195996241959962
"275","Three Rivers",0.0650388813174983,0.121396749773813,0.103003996930724,87317,0.0290665048043336,0.028104492824994,0.0167321369263717,0.0739031345556993,0.289439628022035,0.255331776995212,0.446909667194929,0.231509433962264,0.162441627751835
"276","Thurrock",0.0763640975238578,0.130331948891918,0.107212834088964,157705,0.0198915697029264,0.0534415522653055,0.0272914619067246,0.100624583874956,0.31390888050474,0.320553479446521,0.260483268288632,0.410041841004184,0.254554057251005
"277","Tonbridge and Malling",0.0674889284383925,0.118505028765366,0.10377053929887,120805,0.029576590372915,0.0330781010719755,0.0202226729026116,0.0828773643475022,0.289764496502628,0.286016283388087,0.43824359131608,0.279128248113998,0.194878749202297
"278","Torbay",0.0622026741193809,0.108232347528616,0.0984888400186318,130959,0.00915553722920914,0.0525431623637932,0.00914026527386434,0.0708389648668667,0.268923861666628,0.263416434777671,0.147188804321139,0.485466346832228,0.0928050860598542
"279","Torfaen",0.0712819105133132,0.116925610760362,0.10283832006588,91075,0.0140653307713423,0.0278122426571507,0.0142519901180346,0.0561295635465276,0.291045841339555,0.19285471762176,0.19731977818854,0.237862710113626,0.138586376254538
"280","Tower Hamlets",0.0923863421698885,0.168688212329198,0.116770826774133,254096,0.0319800390403627,0.0689267048674517,0.0377337699137334,0.138640513821548,0.37784538127322,0.366923934214501,0.34615548455804,0.408604157431818,0.323143810454653
"281","Trafford",0.0702716062459727,0.126437694745297,0.104330517525973,226578,0.0298616811870526,0.0420296763145583,0.0160695213127488,0.0879608788143597,0.301039818517243,0.292190180181501,0.424946614746891,0.332414130131248,0.154025127966496
"282","Tunbridge Wells",0.0696398925675147,0.120861545949987,0.104538066389104,115049,0.0310737164164834,0.0343071213135273,0.0200262496849169,0.0854070874149276,0.295039504906605,0.289476785293424,0.446205691462806,0.283854728514923,0.19156896981791
"283","Uttlesford",0.066362045743489,0.120350439938069,0.104855053308662,79443,0.0174212957718112,0.0511687625089687,0.026094180733356,0.0946842390141359,0.291567538990219,0.324742045503605,0.262518968133536,0.425164731722623,0.248859543817527
"284","Vale of Glamorgan",0.0698771529888551,0.118461879432624,0.104736575481256,126336,0.0286220871327254,0.0358567629179331,0.0260812436676798,0.0905600937183384,0.293075607902736,0.308999081726354,0.409605799728138,0.302686088467192,0.249017533252721
"285","Vale of White Horse",0.0660396072337752,0.117672827057229,0.103514398122128,120988,0.0149601613383145,0.0320031738684828,0.017778622673323,0.0647419578801203,0.287226832413132,0.225403585508331,0.226533166458073,0.271967408864227,0.171750239540083
"286","Wakefield",0.0701056049497141,0.119584332043322,0.102480688196859,325837,0.0308866089486461,0.0461549793301559,0.0325009130332037,0.109542501312006,0.292170625189896,0.374926470588235,0.44057260429891,0.385961760554344,0.317141830378534
"287","Walsall",0.0715906179568771,0.125863739821701,0.103062122432915,269323,0.0195118872134946,0.0455438265577021,0.0250405646751299,0.0900962784463265,0.300516480211493,0.299804784026885,0.272548104351434,0.36185025665231,0.242965738372302
"288","Waltham Forest",0.0786566453306692,0.153847643166092,0.112209534209232,258249,0.028139508768669,0.0626643278386364,0.0362518344698334,0.127055671077139,0.344713822705993,0.368583046887286,0.357751193816768,0.40731418791372,0.323072675823038
"289","Wandsworth",0.0836235117835795,0.149647388393948,0.112529520024756,306995,0.0297561849541523,0.0625319630612876,0.0359386960699686,0.128226844085409,0.345800420202283,0.37081170696785,0.355835151137426,0.417862040443177,0.319371273085162
"290","Warrington",0.0716270743912811,0.121071266095694,0.106261249678581,202228,0.0228207765492415,0.040014241351346,0.0220197005360286,0.0848547184366161,0.298959590165556,0.283833405008436,0.318605453917846,0.330501552033981,0.207222299781283
"291","Watford",0.0743181138636339,0.141726005249111,0.109843744809028,90301,0.0313174826413882,0.0317382974717888,0.0164671487580425,0.0795229288712196,0.325887863921773,0.244019301345657,0.421397705260021,0.223941240818878,0.149914305877609
"292","Waveney",0.0606573307650927,0.109453901816857,0.100248147569716,115254,0.0184548909365402,0.0455081819286099,0.0315737414753501,0.0955368143405001,0.270359380151665,0.353369704749679,0.30424831926763,0.415774871185097,0.314955859442617
"293","Waverley",0.0655085052479189,0.117823182969763,0.103650511630968,121572,0.0292419307077288,0.0358964235185734,0.0156039219557135,0.0807422761820156,0.286982199848649,0.281349422454069,0.446383726770467,0.304663501815135,0.150543607650187
"294","Wealden",0.0610683947218212,0.10974717120505,0.0983178323204513,148915,0.0134439109559144,0.0363764563677266,0.0169761273209549,0.0667964946445959,0.269133398247322,0.248191027496382,0.220145150648779,0.331456892859328,0.17266580151629
"295","Wellingborough",0.0686342162535166,0.125218960666702,0.10825946175487,75356,0.0264876054992303,0.0253198152768194,0.0183661553160996,0.0701735760921493,0.302112638675089,0.232276201352895,0.385924207269915,0.202204323866045,0.169649423878402
"296","Welwyn Hatfield",0.0758402316008504,0.132464830144298,0.105459809110237,110535,0.0318903514723843,0.0298909847559597,0.0172343601574162,0.0790156963857602,0.313764870855385,0.251830920938816,0.420493856614577,0.225652233301462,0.163421120356867
"297","West Berkshire",0.0693203833001781,0.122284198619183,0.105908127576029,153822,0.0150953699730858,0.0330706920986595,0.0177867925264266,0.0659528545981719,0.297512709495391,0.221680797133118,0.21776235580981,0.270441254651781,0.167945491375606
"298","West Lancashire",0.0659167908930749,0.115968740118354,0.1025432533767,110685,0.0299408230564214,0.031323124181235,0.0160093960337896,0.077273343271446,0.284428784388128,0.271679054697923,0.45422149122807,0.270099719538797,0.156123348017621
"299","West Lindsey",0.060156862745098,0.111406162464986,0.102364145658263,89250,0.0131428571428571,0.0261064425770308,0.0214229691876751,0.060672268907563,0.273927170868347,0.221490510471204,0.218476438815422,0.234335713567334,0.209281961471103
"300","West Oxfordshire",0.0652420809513357,0.116769581690988,0.101060326973917,104779,0.0149743746361389,0.0326114965785129,0.0168736101699768,0.0644594813846286,0.28307198961624,0.227714093054619,0.229520187244002,0.279280751941152,0.166965719142506
"301","Western Suffolk",0.0649556480785526,0.115095417859566,0.102154397047522,355227,0.0191201682304555,0.0472683664248495,0.0320471135358517,0.0984356481911566,0.28220546298564,0.348808443145431,0.294357285256132,0.41068851657087,0.313712522045855
"302","Westminster",0.0730232091742785,0.147190468376816,0.107681999671826,219396,0.0259576291272402,0.0605799558788674,0.0342029936735401,0.120740578679648,0.327895677222921,0.368228638151767,0.355470944385494,0.4115752639891,0.31762962962963
"303","Wigan",0.0717888053761377,0.118392695902771,0.105314158609906,317849,0.0311216961513171,0.0395376420879097,0.0164040157433247,0.0870633539825515,0.295495659888815,0.294634966941005,0.433517398545008,0.333953389492705,0.155762681484137
"304","Wiltshire",0.0675653582628599,0.118384818071217,0.104076385246963,470981,0.0288907620477259,0.0539873158365199,0.0121703423280345,0.0950484202122803,0.29002656158104,0.327723156438282,0.427597259757401,0.456032426421795,0.116936635521645
"305","Winchester",0.0637248595565848,0.118804408422317,0.10455851451606,116595,0.0164929885501094,0.0390497019597753,0.0219477679145761,0.0774904584244607,0.287087782494961,0.269919039225645,0.258815612382234,0.328688997978631,0.209908949224838
"306","Windsor and Maidenhead",0.066726618705036,0.123955451023796,0.103915329275042,144560,0.0150871610403985,0.0347468179302712,0.0177089097952407,0.0675428887659103,0.294597399003874,0.229271843520323,0.226104084594651,0.28031698197444,0.17041672214086
"307","Wirral",0.0692000512847775,0.115803529268285,0.103019860342795,319783,0.0160890353771151,0.0316933670645406,0.0355616152203213,0.083344017661977,0.288023440895858,0.289365398186852,0.232500338921777,0.273682220782026,0.345191840699369
"308","Woking",0.0664932760741144,0.126907800560495,0.1055666444888,99198,0.0292344603721849,0.0386197302364967,0.0158470936914051,0.0837012843000867,0.29896772112341,0.279967629901878,0.439660400242571,0.304313289379617,0.150114591291062
"309","Wokingham",0.0656302629874336,0.123455110765643,0.106302629874336,154380,0.0150991061018267,0.0339227879258971,0.0177225029148853,0.0667443969426091,0.295388003627413,0.225955001973598,0.23006316620608,0.274778319953828,0.166717445615746
"310","Wolverhampton",0.0745660800897903,0.131859542229527,0.105291217380847,249470,0.0201988215015834,0.0469515372589891,0.0255581833486992,0.0927085421092717,0.311716839700164,0.297412684532689,0.270884851091281,0.356072351421189,0.242738036319336
"311","Worthing",0.0661888379204893,0.116446865443425,0.101634174311927,104640,0.0144399847094801,0.0381211773700306,0.0180141437308869,0.0705753058103976,0.284269877675841,0.248268674779802,0.218163442102223,0.327369716864998,0.177244945933239
"312","Wrexham",0.0721722879772181,0.119093174334787,0.104001661178844,134844,0.0170196671709531,0.0368648215715938,0.0338835988253092,0.0877680875678562,0.295267123490849,0.29724978023358,0.235819975339088,0.309546048944517,0.325798630918426
"313","Wycombe",0.0699412737992589,0.128865558947589,0.104908997692899,171644,0.0154156276945305,0.035148330264967,0.0178975087972781,0.0684614667567757,0.303715830439747,0.225412902111987,0.220408163265306,0.272751932727519,0.170600322096962
"314","Wyre",0.0600191185069003,0.110089188762773,0.0973187686196624,107749,0.0265153272884203,0.0302369395539634,0.0151555930913512,0.0719078599337349,0.267427075889335,0.268887732083984,0.441781351476728,0.274658573596358,0.155731451459088
